player_id,n_rows,total_press_credit,avg_press_credit
9123cf74-4ebf-4134-8942-ac14445c836b,207,8.536118005662136,0.0412372850515079
eaf6e42d-fc9b-2620-d315-6f442cf5afa0,227,7.038509063593253,0.031006647857239
c4ebf006-49c8-4653-9f36-08b55190b8b2,147,6.985696315402467,0.04752174364219365
ad46103a-4d3e-9234-dee6-f970fd779e79,194,6.790597713923138,0.03500308099960381
befd7372-8a19-ca5a-c1db-88c82ad4500b,215,6.730103819565883,0.03130280846309713
ab173ecf-50c8-bf70-2a27-3f32cb95d28f,136,6.365922455917395,0.04680825335233379
9bfe9ddc-4b06-ca9d-ed9a-9fbda2f10d8b,149,6.363164238678936,0.04270580025959018
23976a10-6bbf-0e35-6025-abd653ad2dd6,204,6.183752997875941,0.030312514695470298
eeb81509-6a0d-5320-8d5a-2c1e58d83af5,165,6.154057300658129,0.037297316973685636
add3d394-1378-64cf-5d00-dc6027bcf5bd,169,6.095471551662628,0.036067879003920875
e687b686-2fb1-2fe6-dce2-df6b6c938539,100,6.057069481199991,0.06057069481199991
4f269c7a-99a5-bd2f-9bb8-5ffeec578d52,177,5.948155012434924,0.0336053955504798
8b9a3cb8-fe56-bdee-92ab-9dd83fa15593,158,5.888276206053359,0.037267570924388344
392760f4-597a-e47c-633f-1b9d29568423,163,5.873573067524106,0.0360341905983074
1b82a2ec-e891-f657-0e2c-842e3a0fd79f,204,5.861195787420491,0.028731351899120055
67e1e8ce-d6e8-927b-8a0f-0eaf39b35fc6,178,5.858387082044404,0.03291228697777755
c5c3387a-6e3e-1ae9-824c-315974f6414e,219,5.8356619700747245,0.026646858310843492
bc0c9735-bac9-f48e-c06b-01df0bfd052a,243,5.77674445700451,0.02377261093417494
6815a801-6584-a22a-0db0-2dc6e23d8928,140,5.653648973954478,0.040383206956817706
54a93710-8748-9bc6-3c84-913918590be7,175,5.613642546601846,0.0320779574091534
6b15df6f-e4cb-a8f9-2f8f-1985efc31e8d,199,5.542728960484621,0.02785290934916895
6702a3ca-377e-db75-149b-2621c1febba3,142,5.417328031212097,0.03815019740290209
a6be81da-fbf0-100c-170a-9db635d86749,204,5.410027134086486,0.02651974085336513
3a3be5e0-324a-1af9-5d4c-39b304b8d17d,197,5.392442291390626,0.027372803509597088
2f46ba90-e46e-6371-ac00-07be713995a2,211,5.192446980904921,0.024608753464004367
efe32eee-dd5c-b72b-7da9-d193d8e04efc,176,5.131801198467277,0.02915796135492771
69aa4743-6d37-4847-9c9e-f55a0d888150,163,5.09692577038852,0.0312694832539173
585986b6-3712-2c35-2fca-81686469bf23,251,5.093023324614839,0.0202909295801388
d9161211-1630-84bf-6d4d-423ce053cd83,218,5.092785369197622,0.02336140077613588
cb681adf-c005-f9ab-1da3-15257b4f1bdf,164,5.0689812373079715,0.030908422178707144
e1eda887-4254-92a8-6144-360df62f16c1,112,5.057916929873517,0.045159972588156405
a642a014-b17e-3674-5214-a0c41b7836ba,180,5.002114590990492,0.027789525505502732
29bef5a1-cfab-3a79-60d0-9389a42a0e4a,160,4.991496049789716,0.031196850311185725
d7535706-ab13-a4e2-1b01-b80ac5ff0720,126,4.808950352379181,0.03816627263793001
ebb72d23-6b12-208b-62ee-393071bdb363,152,4.733533906863173,0.0311416704398893
31afd5bc-827c-9211-5784-f7a96764b140,129,4.6385334893322465,0.035957623948311986
fc27738e-0887-ed94-4db2-89b7229b368c,224,4.630650948315207,0.020672548876407175
fc414242-12e8-6043-d405-65eef24051c1,118,4.605470163797279,0.039029408167773554
3df1ae9b-2aa4-e9cb-6921-02b059b862b6,174,4.5822379477388315,0.026334700849073744
7a213ae8-292c-bc7f-83dd-7b14bdcadde1,132,4.55707406995985,0.03452328840878675
f4d0b772-1f4e-66ba-7ed2-54024c2c659b,142,4.548113114282233,0.03202896559353685
65c9be45-0771-6bcb-0263-5b74fc8423af,72,4.5315653921509185,0.06293840822431832
58783cc8-82b3-f9f3-fcf1-fec74713086f,111,4.50649058525187,0.040599014281548385
aac0832e-8972-5a3d-7f15-1ac5c9e80727,148,4.491156725749509,0.030345653552361546
596db0b3-b0e7-ce8e-41f6-7008175ce45c,190,4.474507082474364,0.023550037276180866
a498fb15-dea2-c999-7f8c-63aa786b7bb7,174,4.473909680491465,0.02571212460052566
a0555634-4279-dde8-209b-5fb7664923b9,224,4.461254771587076,0.01991631594458516
0197019c-0e19-f14e-cdab-ce4bb3630856,177,4.424363256408284,0.024996402578577877
86d443fb-d036-6a5f-adfe-abd2286c4a74,164,4.420949984710902,0.026957012101895748
251a2f59-76d1-290c-b7a1-729a090a8aaf,77,4.391598193887036,0.05703374277775372
7f835c52-5af6-f4e1-eff4-ebe21be0a4bb,189,4.368216967617276,0.023112259087922096
a89675de-e91c-1bde-8b0b-ba8780b2295c,145,4.343866921337467,0.029957702905775634
eae0f98c-c856-b1d8-3723-60b369cbf5c9,208,4.33270734196577,0.020830323759450816
f7d87866-fb2a-6a94-5317-d30145102fef,105,4.3280068714507856,0.04121911306143605
a2931977-2953-a366-84f6-402e39590fc9,121,4.295843575735496,0.0355028394688884
a2e5ba9a-a3d2-3c36-25f5-6b71426f884d,144,4.2921673783414604,0.029806717905149032
c8faf786-d902-4a0e-cfdd-3326fa37b797,160,4.286860109886249,0.026792875686789057
3f1cb8fd-1aa5-5b5c-a0f1-d8dbb7756d87,187,4.2837135352488085,0.022907559012025715
b1e9d040-a917-bccd-657f-2da715dce2a5,182,4.266199220163355,0.023440655055842613
17494d44-9ff1-9cf3-5f99-cc754342c12f,175,4.243944736631191,0.02425111278074966
e0cea5f8-086b-dec5-d799-9f09a23f8d52,188,4.239947049693451,0.022552909838794953
a55a9dc4-0d17-6c79-1200-0e6282e49b76,186,4.236270034751633,0.02277564534812706
9daae941-4f95-c94c-baf7-a520ad42785f,181,4.2101823323263,0.02326067586920608
68279cec-5e6b-21a0-ab19-e021e0f21161,97,4.199319738796716,0.04329195607006924
9b4ee081-3050-ae6e-ca41-47d034838030,201,4.197169022605001,0.020881437923407967
75fce25f-ab8f-4f02-2e5e-41faf5ad62ef,187,4.182966290213462,0.022368803690981078
9b65e913-a13d-a05b-9427-55f8feacc295,117,4.1236953374367,0.03524525929433077
2dc963e5-038d-5671-aa35-9c6e6edec835,222,4.122570513821034,0.018570137449644298
2e33542c-6735-7a9d-beb1-3911e384f921,132,4.117890298516384,0.03119613862512412
3a10f482-4800-bee5-3045-86b128ec6420,121,4.1093146580418125,0.033961278165634816
08c60c80-c4d5-92b9-4f37-459db0d51fe9,165,4.104152336642842,0.02487365052510813
cce167f2-c8fd-27c9-a350-0a4931c5b132,201,4.08949018344845,0.02034572230571368
5a453d9b-d3e9-d3cf-af18-be043e9650b3,225,4.0705517753557805,0.01809134122380347
5cee66d8-083a-7d7b-bf0f-b11fb30cbebb,94,4.029977502596268,0.04287210109144966
6e6168a5-df29-f732-cbd8-5e5d3ccfc780,144,4.029358511688228,0.02798165633116825
e936a4e7-0304-42aa-1ad8-269904d96714,139,4.018754274161476,0.02891190125296026
d1070fa3-193d-812d-061f-555825538779,139,4.004114739777408,0.02880658086170797
4eecd58b-a888-e165-9a1a-0d284825ae25,110,3.9977787228371877,0.03634344293488352
5ad461c4-01e6-3090-18c9-0aa215276809,173,3.974031986223993,0.02297128315736412
57416be2-68df-99d1-ada5-d3b6d3ef77b0,149,3.9699613570130783,0.02664403595310791
4d3e2b74-879a-b997-e31f-715ee7403cb7,166,3.9549581854316727,0.023825049309829354
83210d48-c6d5-b414-a3fb-fb523e0d9a31,75,3.9363703594342714,0.05248493812579028
a4295efe-fc21-2338-bbe4-dced606dadca,75,3.9302309124359533,0.052403078832479376
1528eac5-8aa1-8745-fd3f-52cb7c35ab0d,167,3.9188336430409536,0.023466069718808106
234b7ce2-888e-e9aa-4752-601f5b79ea81,69,3.8649986474301636,0.056014473151161794
1b0ec3d0-fbd0-112f-f859-6c6696f55dee,183,3.857328450116624,0.021078297541620897
41628483-4877-7355-2278-bf4aca0a7017,255,3.8512557588318965,0.015102963760125085
9c74b325-0fa9-5486-dd3f-f6b577678042,143,3.8427637569749384,0.02687247382499957
fd49836f-d5af-212e-d04d-32c44ef24a8e,126,3.830463601921038,0.030400504777151095
2edb2923-a2c9-13d1-fa88-d6659c99b38e,180,3.776662595191555,0.020981458862175305
9d227775-ff40-8878-dbd2-b275f291952a,147,3.760116765423923,0.025579025615128727
05017054-7f2a-ab0a-f2bf-9c685b7f0789,109,3.7428190179447927,0.034337789155456815
4140108e-fd7c-f6c9-17ed-54d6cb083bb4,115,3.6728386223935514,0.03193772715124827
64897768-18c0-5c24-3bc4-1137682f7c4f,107,3.671958144423978,0.03431736583573811
e8fea67a-8042-8fda-08b4-f058368fe357,132,3.659859693809134,0.02772620980158435
f5fcdc05-b825-c3c6-187d-b79bb81ea956,109,3.6581442394395807,0.03356095632513377
98e46ae5-eff9-0b8e-979e-9310c0f4d553,83,3.6559614855098603,0.044047728741082655
2fcd5eda-6ffa-3088-c189-0b3342a16345,124,3.638483465812809,0.02934260859526459
60a256f4-156e-1e04-ed00-29e7b5fc2243,168,3.6334448305821545,0.021627647801084254
a792d2b1-ce98-c030-e583-39536e721171,205,3.595034799740457,0.017536755120685157
2cb7c2e9-6da3-f835-9636-f6c67c6c362e,72,3.5886500121427996,0.049842361279761105
663df049-a045-0561-16e3-1db633a0723e,132,3.5772817649884305,0.027100619431730533
85ee3269-0c02-823e-7fe2-a1a0b0566cd7,123,3.573535292997065,0.029053132463390773
db0333ab-7807-d7a0-6a75-e78b8401080d,233,3.5616142406475784,0.015285898028530379
15e46e6c-821c-e6ae-dc28-f161cd626ca5,80,3.5402629227026723,0.0442532865337834
8dd277fe-98ea-6fe2-f846-af1ff688112e,133,3.530110013403465,0.026542180551905752
b460c5a3-506f-26e8-0bd1-3e354b96b1b5,130,3.525340477224735,0.0271180036709595
195db92d-b85c-e1c2-0f7e-6f1cb57dde82,111,3.5003554634138894,0.03153473390462964
2b318d4d-2e7b-6d8c-98a7-7d85c71436c5,217,3.493304725702451,0.0160981784594583
e8165ae5-3c31-795b-1801-ef1618fd451f,70,3.493096545964261,0.04990137922806087
080a4b83-a144-5887-3f0e-084a2fbeb039,124,3.483979595574094,0.028096609641726566
e2268782-d1cd-c267-e7ab-c1fd76d2e34f,96,3.46523427059237,0.03609619031867052
e4245dd4-69d2-7fa5-6473-a4f26787eed9,162,3.43037279280393,0.021175140696320555
ca8cc0d1-c1a3-322e-5d98-ffa66cded990,57,3.4151475934102042,0.059914870059828144
5d3ec04f-99d1-f8e7-920a-64e25e9453a6,48,3.341432124035459,0.06961316925073872
2169a8c5-6ecd-6471-78be-1fd91f858e82,148,3.332108924351015,0.02251424948885821
829fe83b-5b79-50a7-0b5a-837f3db608d1,132,3.317754374325967,0.02513450283580278
cb92f717-6ee3-40c7-6ac2-daeb4eb54954,169,3.308593442649513,0.019577475992008955
ee133fc2-90e8-4f9f-b9da-0150fd7acd75,123,3.3056196313375428,0.026874956352337748
44ad96dc-c0b6-9c77-310a-42c86826d41a,94,3.290031205563346,0.03500033197407815
41c74b24-2875-6f45-d954-11ac6d6c410b,144,3.2702990631707776,0.022710410160908176
6e63d926-1cb1-c092-8a03-de277ae4bf98,102,3.267930790589854,0.032038537162645625
62d8d552-b95a-dea2-1bdd-bb508f1d8a81,61,3.231896388171532,0.052981908002812
65327d7e-6886-5ff4-3e14-b0a655b531a4,96,3.2292176401725254,0.03363768375179714
d06b76a3-3d86-0789-4ece-8c2bbb8dac2a,130,3.218754863282407,0.024759652794480055
b8a27cdb-ea33-924d-f963-724d7c48d713,130,3.1489850593146542,0.02422296199472811
015f554a-21c0-99bc-0a31-a176810b40c6,151,3.1403777050108745,0.020797203344442877
be80e6a7-4664-2ddb-bcd5-cd4e5085e1b5,102,3.1180464714260343,0.030569083053196416
5d03b81f-67cb-341f-bd17-e8a0a6527423,110,3.111186306351368,0.028283511875921527
6a7002cd-5825-1e0b-1847-6f2197cc2190,61,3.0788922209734295,0.05047364296677753
c0cc293f-af8f-d0d6-d86a-65f9e3ad1df1,155,3.076930696033334,0.01985116578086022
66cb9389-fb62-0a30-a1e9-2be938f5ed7c,100,3.0714019930021266,0.030714019930021267
0af3f2e3-7646-a092-4313-a467ee77fcdd,85,3.0558351066169447,0.035951001254316994
94c58fec-e597-77fa-ea7c-b64e8dec79d8,229,3.0477251992340926,0.013308843664777697
e8fcf932-3019-3ccc-543b-67b8c8e584bb,98,3.0301722772408546,0.030920125277967905
40f7ce41-67aa-9b1e-4629-14ea33e8799f,223,3.02301725557849,0.013556131190934934
34f46eb8-532d-889d-33f8-51b226bd083d,208,3.0228462695191207,0.014532914757303466
9692be3e-1840-be44-346f-17fd56755724,55,3.0195316678381587,0.05490057577887562
09acb688-56e4-f841-9840-99924478fb13,120,3.0182056208525925,0.025151713507104937
f01b2f76-df10-daf6-f8e2-f2a3968f6d64,111,3.003654404269989,0.02705994958801792
00f266b8-6b50-005b-cde2-3aa1f6d30db3,81,2.9826377412944227,0.036822688164128675
4a0e87a5-8802-a049-3d39-4dcf34e5a10c,26,2.9723441336190155,0.11432092821611597
3c97dc1d-a952-5220-56df-de7a5c64c208,92,2.970259863480542,0.032285433298701545
594759ce-c137-f893-62f5-d6b5ee7db55c,111,2.9700129147540975,0.02675687310589277
4447229a-e693-b7a3-6bbe-f464ae9917c4,116,2.953948157434766,0.0254650703227135
58b0c680-a304-643d-ce76-6451b920519a,103,2.9428026578945894,0.028570899591209606
45600aff-c442-b856-6e9a-ae22ed437997,96,2.9375801336242318,0.030599793058585747
355acc16-c566-85e1-999f-aebfac4b68eb,87,2.9347015795250084,0.03373220206350584
b8541c9c-40ff-8902-1a40-af7c2916bfaa,144,2.91872285154386,0.020268908691276805
533724e1-ab7f-8b95-8049-65aba9809721,122,2.9155838910976852,0.0238982286155548
e816e950-29af-f11a-16dc-9be28900788e,107,2.9151129166062355,0.027244045949590987
47e607eb-374a-751f-1987-8f08b7f86fbe,93,2.9087530465928757,0.03127691447949329
7b2af16f-2fcd-866c-38c3-e85484494645,87,2.907096418464949,0.03341490136166608
3bc06bbe-5d1f-aa0b-c51e-f0c83f70803a,202,2.9054236926897254,0.014383285607374879
c1432ccc-4036-14a9-50ed-a495c7b5aaba,38,2.904035725723817,0.07642199278220571
e01e67b9-2150-d1a5-ad6e-0588b64a281c,115,2.8792175096158266,0.02503667399665936
6110cbf6-1606-3431-643c-78b0e035f5ff,140,2.8763026132893312,0.020545018666352367
938c52ed-067f-8299-e70a-998704932bfd,128,2.875990203277387,0.022468673463104587
b2f264ba-1fa2-c297-2cf2-a5109e7b99d9,132,2.875971997866444,0.021787666650503364
6379a6a3-1514-33bc-effa-81a9344f2d13,62,2.8716190528479215,0.046316436336256796
8f7c6f8d-3bdb-a0bb-1ec6-89d287eacff5,197,2.8617370298693037,0.014526583907966009
4772aa22-208f-44a0-8e47-0029da368b48,170,2.8481940564119204,0.016754082684776003
936ad397-0a05-0d42-2c84-a8d14ddf2971,82,2.836162178642002,0.03458734364197563
47ec1584-2245-2836-a706-e0835ffee601,105,2.8353412686944997,0.027003250178042854
62d071bf-6133-a7ae-90ad-66b34dc7b39c,77,2.8332691789509186,0.0367957036227392
46121515-ed91-d0e4-56cf-d0aca14a8b5a,104,2.8317935674617427,0.027228784302516757
6845c1eb-216d-4366-cda0-d3c220357faf,156,2.8224972919391265,0.018092931358584145
6eb43e9b-bd2f-9c8c-d063-d60cbb31c2a4,65,2.8097195713394396,0.043226454943683684
987b6366-d0e8-ced6-e37d-95f8ca177630,73,2.8092344130127036,0.03848266319195484
c25ea63f-011d-ce60-d969-b7d83cf526b1,189,2.7971918312114425,0.014799956778896521
cf47f181-03bc-cec7-23d8-23f407701653,93,2.7945541382750885,0.03004896922876439
ecbd0ea2-3043-731c-3cbf-94053cd3f09b,108,2.7880392834303445,0.025815178550280968
9bb10472-226c-b81a-f090-f474f37bf428,70,2.784896997829188,0.03978424282613126
5ce2531f-d048-1233-61ba-2fc6398d8ec3,155,2.7835864876166303,0.017958622500752454
e3640c9a-f167-a9fb-5b42-88d88654fe8a,170,2.7692260920634726,0.01628956524743219
dd036e87-28ae-a770-1287-111ca91925a2,96,2.7603573167756097,0.028753722049745935
3368d715-4eb3-12ac-5ca3-637be728e649,192,2.7584358369629003,0.014366853317515105
a4939932-d13e-4c1e-b534-699402d2888a,153,2.756072214790447,0.01801354388751926
f4381702-541d-bbce-d4ad-9ada397f80ec,171,2.7503652831468623,0.016084007503782822
92a1bf87-e138-f25a-ebab-c92e182b701e,120,2.7486515405161884,0.02290542950430157
bc2abfcb-4444-082a-2f24-73a1a10338f5,153,2.7369747557369664,0.017888723893705664
9f84fbe2-cd0a-9663-0184-4398a58d7d29,147,2.7356819790509057,0.018610081490142216
97bce0c4-5f30-32b1-ab97-83c174303222,62,2.727171186605328,0.04398663204202142
88e216a2-1386-7181-fda4-1819e8611ca5,94,2.7190631374688605,0.02892620359009426
e69dd394-c120-c096-00ba-2db135c0a1b1,120,2.7075231593155307,0.02256269299429609
41273737-16e3-50f4-d08a-03a1fc11edf5,108,2.701460836974562,0.025013526268282984
8682f8c1-304a-51d9-6663-158ca58fa6c9,48,2.692275097275356,0.05608906452656992
0ca4f9ef-7e7a-d691-6e1c-16d394e84bfe,125,2.6753444241328093,0.021402755393062474
9ba734ab-eb7b-f21a-f8f4-737e7fd707b8,192,2.675081747744434,0.013932717436168926
e18b4827-dcbd-4cb7-b666-8529df7441bc,46,2.663016515925412,0.05789166338968287
93dd4a43-8051-720f-47cc-fa4250b969ed,132,2.662474215699424,0.02017025920984412
06aa1b16-e3ee-cce4-0a42-b0f70600c477,151,2.6606500450445614,0.017620198973805044
c5bb348a-a28c-3c1a-4f75-6eda7f448443,71,2.6484347608583643,0.03730189804025865
42d8748f-fc64-ecc4-7d4b-36f4f690f0a6,64,2.6372041517088083,0.04120631487045013
ae3c26e4-6536-f078-6e78-8ca2db85def8,137,2.6280224076802967,0.01918264531153501
4e110e5d-1ce8-74cf-5df3-63609c738785,71,2.6201783886271457,0.03690392096657952
5801ee51-cb4c-15b8-3d9d-757bd846feae,137,2.618587319902998,0.01911377605768612
8bf524f6-7499-1f04-dd8e-e7e80934fb0f,168,2.6119310406478737,0.015547208575284962
7ff9ba0c-7a28-4512-c9e5-a10afc5bbd83,123,2.610694310686691,0.02122515699745277
9ef6d4ec-63a9-9da3-2580-cc0bfca09b47,119,2.594337520916984,0.02180115563795785
bce6bdea-4c8a-8917-a11b-59ecf9c30b51,131,2.5936955322642543,0.019799202536368354
672c5ab2-c18e-1dff-3366-1739eadb7e5b,74,2.5871765539424234,0.034961845323546265
dd485778-5783-6b9b-187c-020bf03f4531,93,2.586370983954017,0.0278104406876776
d163f9d0-a5ca-a57a-ab12-4e96fc510ae2,48,2.583343856763223,0.05381966368256715
e75ad40d-06f3-a0e9-0b73-d4b75b83749f,166,2.5759475366646725,0.015517756244967906
6d76255c-3247-8cd9-1e45-d4543ce11e86,186,2.5714826268877307,0.013825175413374895
83cfcd84-1391-c9fa-11b5-d3ec86ed5781,75,2.5556162347419655,0.034074883129892874
5d88c997-487b-2fcb-c49f-64757c86548e,150,2.554840487256772,0.017032269915045146
f2672d3d-1839-4bbf-958e-0af6458a7c50,38,2.542288209605572,0.0669023213054098
e11c278e-bb24-1555-240d-8556a7f63afb,131,2.538454933865763,0.019377518579127964
91ecbdb7-a405-57e1-23d6-910efcb6de2a,129,2.5310514630920298,0.019620553977457596
aa7242ad-c419-33d4-6be1-f8132fc80b23,59,2.5138852399620886,0.042608224406137096
8db09dda-0ac0-252d-5cca-f2178f63ee43,108,2.5126955898001637,0.02326569990555707
dc5a9c10-c8d3-52bc-fd80-b7186f383b34,118,2.508807762603409,0.021261082733927194
5ca139e0-c1ce-a588-4a40-483273d8754c,111,2.508199769118267,0.022596394316380785
00107e79-8a36-de05-69c7-86087051c558,154,2.499648571810412,0.01623148423253514
b3762305-438c-1b85-1c59-1a831d98849c,33,2.4993535490100385,0.07573798633363753
d1008d47-7d9a-b5ce-a5c4-11335e021805,114,2.4986601804578052,0.0219180717584018
b9289963-36ff-72f3-2e0f-5d1c271974dc,80,2.4837616004138368,0.03104702000517296
2d0eb54e-169a-5f00-7761-2ca898c78da7,80,2.482840856398226,0.031035510704977825
eeb9d4d1-0d23-550d-2796-42a09d440711,84,2.4767595819916024,0.029485233118947646
018b6c78-d796-f123-d662-5ca0a63393f1,68,2.4761791103790993,0.03641439868204558
5c7cca9d-bfc2-3931-363d-daaebc4da409,116,2.474779323032436,0.021334304508900313
23033c23-8f41-970b-8423-7c1eef91ab38,140,2.4703505086628645,0.017645360776163316
5f892ad5-e130-bc2e-c361-f6cfbd6bd692,143,2.465108946568617,0.01723852410187844
cfe456f6-9907-e4df-333f-27b358f49ebc,97,2.4517288844694503,0.025275555509994333
8dfc4cd9-4bed-d27e-f82a-aac7483571b8,77,2.445473676056174,0.03175939839033992
48ab1f72-0e6e-a7c9-0c5d-a978d9ace0fc,124,2.43646189358388,0.019648886238579678
0ce6b03a-1c53-674c-856d-df3b6dbfd50d,192,2.435112814592204,0.012682879242667729
c8f5ce37-256b-6dba-d068-eccc978959b9,37,2.4117382045874036,0.0651821136374974
ff9b6097-e007-85c3-f8fb-f86935bcb875,206,2.409873488251587,0.011698414991512557
89d6fd61-dc6a-4969-d01a-a672c177757f,163,2.401019739831617,0.014730182452954706
362b2b25-ce8a-9b00-6da7-0d1b8c2fe3d9,143,2.3934128882471364,0.016737153064665288
fb734863-ed94-8167-1f2c-039c70f6fed7,58,2.38384811332092,0.041100829540015864
955da2f1-7e1c-2664-a321-5bb6d9f549bd,80,2.3825013366888688,0.029781266708610858
912119f4-6991-e717-ea68-1137c057d277,95,2.3787867930498563,0.02503986097947217
b5213912-a849-6bc0-e07c-2b66d599713e,79,2.377971679397931,0.030100907334151022
5c67bc38-5487-75fa-57e0-2d6811c164b6,76,2.375515428434122,0.03125678195308055
e70f8783-350d-ffc7-9c50-bb5f21a9c1e9,74,2.374229740015717,0.03208418567588807
68314a41-fbd6-d896-fb13-c348f321b1e6,52,2.36849153702649,0.04554791417358635
178c4dba-943e-4f43-64ea-51402c33f28d,91,2.3666333934877923,0.026006960367997718
71bee4d1-8889-3ec6-e934-ef86eca81be9,138,2.355012496690862,0.017065307947035233
7f87b4e4-74a0-39b3-ec2d-526b02fbdfe0,67,2.3435174871608537,0.03497787294269931
ec1ce0f1-da94-b52d-8de7-fe60510f16bc,62,2.3416448718579055,0.03776846567512751
ceba5090-f6e0-e944-7ceb-e629c8348684,159,2.339911232372259,0.014716422845108547
55083278-5797-8647-ed4f-5deab1f4fb43,44,2.338732530671767,0.053153012060721976
de965666-84cc-36f5-8129-ad04ec59d185,143,2.334350541549709,0.016324129661186775
718d4ab2-3efc-3646-2586-f9bf06d844e8,47,2.323124430254202,0.04942817936711068
55cc8f3f-7a32-8ad1-8610-b07c2a765fd7,48,2.3170368528893945,0.048271601101862384
8f7dc0f4-ca8a-10e4-040e-574cba9e71b1,85,2.3144510139218673,0.027228835457904322
a811daaa-9356-2318-9e10-11e1e2dea90f,50,2.3126531279710045,0.04625306255942009
5b0ef27c-6a26-8323-1b85-bf91f79d76d2,95,2.3086767814518567,0.024301860857387964
62962656-a554-8ab3-7d7f-5669fa932604,201,2.303403665248816,0.011459719727606048
8bd8e696-4514-a5d5-792b-80b002761f46,130,2.301108070353003,0.017700831310407717
eae1ab79-80df-8541-6b6a-a86ae9097d08,109,2.297615599257823,0.021079042195025897
b2485777-a1f9-23e9-5c28-c99761cd10e2,152,2.2688383860088686,0.014926568329005714
e850e12b-4214-353a-3bbe-aad41042acd5,160,2.2672391523990103,0.014170244702493815
4a330c37-6650-01f9-b5c3-76e54ed5a565,132,2.2612329430707527,0.017130552599020854
e88acb6b-d5da-6c45-42b6-b77998c3203f,85,2.254629306280114,0.02652505066211899
65195a5e-8639-a163-d566-03adc8582060,81,2.2539918334713764,0.02782705967248613
54c92034-9ece-4a76-ae9d-be434c2eef82,121,2.245417912410613,0.018557172829839777
2f0d296c-e9df-b8b7-f0e0-a135b8802329,173,2.237901210852338,0.012935845149435481
a6b4086e-956a-6a17-e22c-83858e92ef99,183,2.236706502630586,0.012222439905085168
8e72a880-86a7-efa3-ddfd-a1127df16d89,96,2.2351863265306124,0.023283190901360547
5cfb433e-f489-5965-e0f1-6ccb5d7a2b2c,196,2.233390760671599,0.011394850819753057
c7554bfa-9d55-0c17-9b33-0f223ea3f85a,145,2.231237273104497,0.015387843262789634
d8fed174-fcfd-8e02-be75-ae2b239ab2cd,50,2.2285278778187796,0.044570557556375595
3009ca76-0ff6-9da5-c8b6-6fd357f7a7e1,198,2.2266922240155202,0.011245920323310708
c904de64-762a-0721-4c8f-90dfc7fbf289,131,2.2223227065232156,0.016964295469642867
db07a598-848d-2552-6cca-9e1ecaa9fd45,99,2.222279195228449,0.02244726459826716
06813969-3aca-1417-ec01-0de8fb823a64,136,2.2176111387158968,0.016305964255263948
b1af8af7-bec4-8140-315c-a328ad668097,71,2.2140850330268034,0.03118429623981413
9c3292d5-92cc-3760-dada-631102753a82,151,2.2089962025139367,0.014629113923933356
facc5b54-f018-45c4-6044-abe2eba5d33a,91,2.193280605513372,0.02410198467597112
f689ab68-ff09-c472-b41e-9fe5260553a8,64,2.192928756809552,0.03426451182514925
c50ee147-78c1-e97c-f042-2810c51adffc,46,2.1925817875919407,0.047664821469390016
7a8b62e2-0b6b-1e9b-788c-0338df40543e,86,2.175147999150418,0.0252924185947723
0216a2f3-905b-a0cc-78d2-1ace22850834,124,2.1701143733707364,0.017500922365893037
8d839886-a557-ba77-cbae-bc2af117408e,137,2.1581298634344988,0.015752772725799263
77a3c50b-31ff-8311-b5bd-79aa901df22c,103,2.1551826613038805,0.020924103507804666
0ac29755-f1de-15b2-904e-d17a9ed4fac8,105,2.1543276519461285,0.020517406209010748
a4fe9cde-2b89-7e99-5181-d8855c55e821,80,2.1531638169796112,0.026914547712245142
bc22e636-a3aa-30c6-baab-dbd6d5403b03,76,2.146208861391087,0.028239590281461672
5bd9a56b-e7ed-0f23-4c35-63587ff2bd90,118,2.146064018678252,0.01818698320913773
1f87233d-cd1d-1ebf-d866-e777d5b45092,109,2.1432134130666776,0.01966250837675851
f6efd579-5ea6-2224-2dac-5197e2f9090c,68,2.142323192400348,0.03150475282941688
a855a24c-10d7-480c-5f02-f40cacd514f9,64,2.139294978481637,0.03342648403877558
262628d6-d96f-8dea-72e2-0aece98b7fff,49,2.1345839606448185,0.04356293797234324
79b63b9f-49dc-162b-951e-053b32088ce5,85,2.1344306092445096,0.025110948344053054
8b41332b-b440-ce88-6f7c-1d51e70c4c6a,59,2.132318078050469,0.03614098437373676
987469e8-a8b0-b09d-8171-9c3094253328,57,2.116009404976688,0.03712297201713488
ec19bc8b-8413-3a35-3a64-922eeb62d5a7,96,2.110069472619807,0.021979890339789657
9a673947-843b-c6fd-0b7e-35c0d46cf23f,166,2.105513046226133,0.012683813531482728
933793a1-349e-90c0-babf-a1dd14e6511f,77,2.098332735012354,0.027251074480679923
d1a331a3-4e1a-510a-2fe8-8f36981fd3f4,93,2.0901867214446943,0.022475126037039724
d5313105-925e-e8bd-e752-74e47b2ca328,48,2.083248797169283,0.04340101660769339
d9cf213c-8aa3-ec29-2aa1-29c82ed7d5bb,125,2.08213489433642,0.01665707915469136
34c9b6d7-581c-e992-d276-c44d50fff88d,145,2.0777042592600954,0.014328994891448933
5bd62585-fe76-88d0-45d7-8841bb9908ce,93,2.0728876758154824,0.022289114793714863
9c5a0e11-4272-5962-2621-08678ba1b301,27,2.069604867369547,0.07665203212479803
2622a685-e219-c5e7-e7f1-d413e86d75cc,129,2.065998638947325,0.01601549332517306
c49719c8-8490-01cc-e81b-91996b030e35,121,2.0602117317870565,0.017026543237909558
cd5a8c34-6586-e86b-765b-2dff9f65c51d,91,2.0559695589547418,0.022593072076425733
2f0f6eea-d3b1-2226-ceaa-3779abcbff69,81,2.047616954671413,0.025279221662610037
ad355380-2d07-14ba-406d-9239a635419e,67,2.042995822848382,0.0304924749678863
1d33070c-e556-fb1e-bc44-0073a18d3693,64,2.0420091212254663,0.03190639251914791
af1d2155-8151-1411-7139-22b219311670,77,2.0269783736960916,0.026324394463585605
650eabdc-aab3-679a-03a2-d086646b86b9,145,2.0251431193269696,0.01396650427122048
ed669304-9d26-cfe7-8e5c-4bb862411534,90,2.0135371903353363,0.022372635448170402
7f38f375-6f8b-a621-c862-3ae701f326c6,76,2.0103427274301278,0.02645187799250168
b12fdd9e-316f-4faf-3cac-069ae626093c,106,2.0011252030786633,0.018878539651685504
5e597523-3951-4de6-6d47-6d3fe982366b,120,1.9976090218306752,0.01664674184858896
a2f8a1c4-75eb-63d8-4e1d-dbb361fdaeb0,49,1.9958181146050282,0.04073098193071486
1ba1e45d-14a5-3375-cbbe-45fc4ef4fe77,130,1.99126046876283,0.015317388221252538
73819ce9-d8cf-b983-9994-bf279611d66f,69,1.9799802789796712,0.02869536636202422
5e97725c-294e-9f96-1be5-1960f6b93d17,83,1.9769907377370213,0.02381916551490387
f3da2b72-e9b7-6d05-ee3e-834953f9f070,144,1.9735578371427522,0.01370526275793578
c622c5d2-2a49-f3e5-6bf7-0e23fa29032e,52,1.9720730597284086,0.03792448191785401
0ae96538-0067-681c-06a1-290633a469a2,54,1.9705461890325642,0.03649159609319563
321ccb94-26f9-bf52-17cf-db4a8b4d324d,105,1.9663397408410621,0.018727045150867257
0a1c9c34-5a23-e5ef-85e7-5ea4c9f85af2,86,1.9653552884395369,0.022852968470227174
11147770-b835-0375-d510-285823af4af9,117,1.9616737428437816,0.016766442246528047
fc2fdeb8-f765-d874-c079-e534fe36e8a2,43,1.9571007148519026,0.045513970112834944
a8b58f4d-a821-d7b0-b74e-f537ad471336,81,1.9548658772336114,0.02413414663251372
0e547df4-db0d-2b34-7e18-2ad196cc9192,115,1.9546137315232082,0.01699664114368007
f6797690-ed0a-2b75-0a01-496610012676,71,1.9503224499162728,0.027469330280510885
623d5826-500c-1a77-1262-248a6f10c0f5,51,1.9397753888155684,0.0380348115454033
1da47f43-7819-0b12-6759-4d9cbe68416c,74,1.9383746078065178,0.026194251456844835
bcfc449f-d442-64d4-e387-32dabfcda765,25,1.9356429982999868,0.07742571993199947
15f4d004-953c-10f0-c9f3-d5e55866559b,137,1.9313884838058373,0.014097726159166695
f487f33a-87b9-43cd-d79f-02dac52c3dfe,116,1.9253090760187055,0.016597492034644012
e32c54a9-ee8c-8682-2ead-a00fcc67c40f,75,1.909882093898903,0.025465094585318707
3fa9dd4a-efae-a4f4-e00c-d5885556b815,35,1.8955575873667652,0.054158788210479
9e0e0f1c-bcac-2b93-5f18-622924dfb131,52,1.8912078267576635,0.036369381283801225
432d0e7c-2d69-f44f-69c9-227f410e8f8b,43,1.888216281459285,0.04391200654556477
f1937835-c76d-d8c7-30ed-20c1c5ef0297,65,1.886961630507235,0.02903017893088054
e64fc75f-ab07-a14e-a0ae-46ea4a5afc54,71,1.8824119268042954,0.026512844039497118
cdc94907-804c-5cef-ce85-830a04ee6718,46,1.8793169935881777,0.04085471725191691
f0eb7a58-4ead-3515-a883-490e844538f4,76,1.8775905807251092,0.024705139220067226
0753b094-9e2f-976d-85c8-d22a1d280e8d,35,1.8753702510049544,0.05358200717157013
b90aa353-979c-854a-6f54-5a714d009b15,41,1.8729581374713409,0.045681905791983925
b275b038-e474-6565-4b4b-a2265fec696a,69,1.8691113813046774,0.027088570743546047
7356658c-38e1-ed2f-84ec-a3abbaceff57,75,1.8680947692506331,0.024907930256675107
0e576680-d92a-8954-1c02-51bab3e6670c,103,1.8648842883020968,0.018105672701962106
9cdb062f-6fc7-e205-1858-d4f6f32237a4,70,1.8629211455547843,0.026613159222211205
1e248371-8cd8-2ae1-7132-6212cfafbe89,72,1.855755494161381,0.025774381863352513
b8c6b250-84bc-2be1-fefe-d5c971f905cd,47,1.8508641693170031,0.039380088708872406
9698f020-7131-d04b-2552-c55a16afa91f,51,1.8507336020241676,0.03628889415733662
e189f09c-ba3d-6a94-95bf-30aaa84cf98d,63,1.8337843054547847,0.029107687388171186
499a866c-4e2f-75cc-4453-3765b766e0f0,155,1.8322932958265052,0.01182124706984842
4b82112b-52bb-febc-3fbb-b51f3d1a7dd1,113,1.8316933252607703,0.01620967544478558
f7bf7586-8882-91c7-304d-4b970c52c9d5,83,1.8315318468150923,0.02206664875680834
69c1e284-b220-e453-250a-66413a82618e,110,1.820754988807209,0.016552318080065537
9365e946-bed1-6103-1e8a-2e9ba06d1dc2,121,1.8143591807033295,0.01499470397275479
efbd8365-7b4a-13f4-6a00-d77d11d64910,68,1.8024053981917643,0.02650596173811418
8127c1a5-26ad-e502-64ef-c7ff9b63667f,34,1.7831987809400047,0.05244702296882367
1ec06797-c8bc-e24a-19ff-cf29896403c7,75,1.7814862764977257,0.02375315035330301
6d2cb984-e1e6-a715-26d2-93a528bb379b,86,1.7617748966302065,0.020485754611979146
af6ab9b3-a019-9b82-fa37-120d97e9f0b6,94,1.7600265920679685,0.01872368714965924
ba6ccd17-6b01-8ed6-8af9-e37cd98df349,51,1.751839048453214,0.03434978526378851
1b8bd0ac-fac4-d900-2d3e-411db1939181,21,1.7483825068881236,0.08325630985181541
1fe967f3-4573-d760-8359-eb0d9acc3756,109,1.7412259449934329,0.01597454995406819
7e9f0d8e-e3cb-c9d9-5986-30ccc588774a,47,1.7404174069509555,0.03703015759470118
b0ca309f-321f-7119-6c17-cf1437cc9bd8,153,1.7399175902034023,0.011372010393486289
9b73814b-a50e-958a-a5e4-15cf0373d762,104,1.739128372340401,0.01672238819558078
3bf23b92-9a1d-7c1c-38fc-d173028e1fca,45,1.7359864917773171,0.03857747759505149
001f8fd1-bc74-2cc8-3e59-09a02532c938,125,1.734746619461926,0.013877972955695409
ac8def35-7690-efa6-0e76-cb51ada82cf5,78,1.7345523267667187,0.02223785034316306
a7b49f9f-e2f6-f3c2-9e38-58a8cafb36e2,158,1.7339682107032652,0.010974482346223198
579da99e-0b65-5601-e4eb-7bf837211c3f,67,1.7300672216402824,0.025821898830451977
b7040b98-e0ad-fc0e-361b-5bbecc555942,67,1.7229088622609015,0.025715057645685095
47d857f2-7d2a-edfc-e1c5-73767c716a2f,67,1.719585004597671,0.025665447829815984
ab2f8c0e-cfd3-c0ac-74f5-8164c48764b2,90,1.7155167726274398,0.01906129747363822
967d9997-756d-44cc-889a-8c024fc10a3c,95,1.715458640636972,0.018057459375126022
a434fff2-8e1b-5bc6-1759-b545496778b5,57,1.7099738910581164,0.029999541948388008
e2214881-b6b0-b1c9-6e83-a6b289c4f33f,81,1.7043228866235594,0.02104102329164888
7198f83d-2f1a-fa7f-fa4c-a2119e877247,34,1.6884727265910107,0.04966096254679443
a385df53-a241-ed83-c64f-34d4b4da77da,62,1.6867225498724994,0.027205202417298378
397ed1a1-984e-b4e0-ef52-0edc268d59bc,40,1.6852357799820188,0.04213089449955047
eea2f5b1-7f49-aeed-2bad-ceff85f41700,86,1.6837722539311775,0.01957874713873462
404acd2e-e1d1-ca7b-0a92-cd6563e260db,61,1.6507873534522022,0.027062087761511512
b4c49715-ce5c-cd2a-f4a2-c1bfe64fe7c7,52,1.6475650960753836,0.03168394415529584
0d3d8f91-b7fc-3d13-09dd-0e51c390ed6f,102,1.6411280902987133,0.016089491081359934
672ffc35-8e85-ea3b-657e-edb622ab1ab6,49,1.636633720063308,0.03340068816455731
e9ef1506-4a97-1586-e7b4-a1dfbec02e4e,99,1.6365426830090422,0.016530734171808507
3558373a-9473-802d-31f9-667a44e97b57,68,1.6351730051810756,0.02404666184089817
05d1d579-7092-686f-82ea-789112b87f0f,175,1.6348693183878602,0.009342110390787773
629d5563-2754-3120-3402-3b116164482f,85,1.634224211191335,0.019226167190486292
54ad8812-393e-5ec6-9bf7-c683bb59ab88,65,1.6110341626235565,0.02478514096343933
8eeee104-b93e-904a-fca1-953e9b5ecef8,58,1.6090587706578665,0.027742392597549424
c8d33732-42a1-d13e-323a-6457dc42307a,54,1.605609176348134,0.029733503265706184
6082f959-421e-173b-b5e4-e1ffd5fc7d18,79,1.596548592300928,0.02020947585191048
8750d372-0576-0fce-74d6-1a871d154ade,91,1.589710108911568,0.017469341856171078
3e10ec46-6aa6-2444-d4b2-c9c1fde3004e,80,1.5873664856988554,0.019842081071235692
8b43652c-1ab8-e931-e045-ca9cd839d10b,137,1.570450429528023,0.011463141821372431
ee172400-aed4-5013-4ad3-4a4798d72b3e,125,1.5690816946085107,0.012552653556868085
0fc2aec6-40be-303c-e3c0-f99a7402a6c5,93,1.5663146733706201,0.01684209326204968
630a1773-ff25-478d-a32d-4109d5924b0c,71,1.5621585968815743,0.02200223375889541
11fbe5d4-66ec-34ba-9657-09704f893154,87,1.5610845400023885,0.01794350045979757
b9f1b352-9b5d-ada7-2fc9-1ce3ed96cfa1,74,1.5530208006698858,0.020986767576620078
af933b87-4f83-feaa-feff-6f90363db186,164,1.5510248058471974,0.00945746832833657
62266127-46c0-5420-5d10-5a6068de1b5d,78,1.5422200982608658,0.019772052541805973
0ddb9eb2-2352-dab2-b22d-f0d30ee231ef,59,1.5400866511046905,0.0261031635780456
95faf17f-eeab-555e-2e51-7af990402dc6,92,1.5326846273352188,0.016659615514513247
022e15e8-84c5-2103-7225-91ae7102aaa0,127,1.5302309425913403,0.012049062540089294
cb889642-eedd-496a-9c02-563f569c6359,54,1.5270478320171674,0.02827866355587347
19c643ff-fb68-0999-d76d-840158053e4a,114,1.5245105212249033,0.013372899308990379
6c78afc0-6490-5b83-db5f-7f87839dc862,53,1.5158952387982818,0.02860179695845815
3081fce7-ed01-b163-8b6f-08e12202de8f,132,1.5118158097526349,0.011453150073883598
e5676b25-a8f8-2cb6-6c4b-c0a127f7d5a6,41,1.5095003013323707,0.03681708052030172
05673e68-1d9f-8728-7874-b41679600750,27,1.5042484767490252,0.05571290654626019
3f6ad3c6-b702-04a6-5fc9-ffe9845026b1,59,1.4791579701227495,0.02507047406987711
8a45aeeb-45e5-0a8f-5837-39bccade3f72,55,1.46640824257857,0.026661968046883092
3cfc8139-e81a-8949-e3fc-0a6728b63ab3,148,1.458054055318261,0.009851716589988251
7e254e63-e8be-d9ca-6ad5-d6c350f4b59b,67,1.4546258897935067,0.021710834176022487
0f052c34-6cd2-f4fd-a861-d9051a8e86e4,77,1.4529355115875116,0.01886929235827937
bc6177f1-4c3d-37fa-47dd-452cfcc446d1,131,1.449131362909481,0.011062071472591459
c05db9ee-e2c8-5bba-3a20-cee81b8b04c1,34,1.449115581429181,0.04262104651262297
42e3b869-a651-df12-3291-53f0f3320501,136,1.4363766394602346,0.010561592937207608
de69fd7b-5c3f-76c2-b9c9-7e39a9e9b91d,52,1.4322825553634768,0.027543895295451478
d7d794dc-6f3b-8c9c-7614-23859008aea2,50,1.4275303815666989,0.028550607631333977
61a43f85-2e5c-ef36-a82e-322e6e622997,67,1.4203089681791976,0.021198641316107426
356d4cb6-7726-b23f-7070-1e5eaf602524,76,1.4142436184826308,0.01860846866424514
d7316683-35a0-0b3d-fcba-5391daa9bf86,37,1.412713094927289,0.038181434998034836
8d804f94-929c-61f0-d793-406c27b0f3f5,70,1.4118265627697022,0.02016895089671003
3d5bcc97-ee74-7ffb-a3c3-9bb7facf831f,59,1.4078572763766557,0.023861987735197553
f3124fb4-5a13-5eb9-b17e-591923ba6356,125,1.3935822265857365,0.011148657812685892
d85ec4b9-edd3-0949-8aa2-d27637d19918,84,1.3933723946164813,0.01658776660257716
df3c2b16-0554-1f80-bea5-3560b9b6a998,75,1.3931108281021505,0.018574811041362008
00afeab4-d457-7723-e196-9e398fbc4498,65,1.3825353684445858,0.021269774899147473
c9f1b830-ca38-5bbd-4af7-d2fe66f07865,42,1.3794052177249079,0.03284298137440257
7bb84983-aea1-e050-01cb-3b9caba8dea9,73,1.3667536226325883,0.018722652364829975
9e79de97-35f6-4db9-5b4d-bdb166ba4de0,42,1.3654241194043755,0.03251009808105656
066364b9-b235-6207-1061-3d0155cb2b66,59,1.3612153183810247,0.023071446074254657
6aaec354-e7a5-0c0d-7584-6746ffd4aabb,61,1.3561947803049283,0.022232701316474236
faf301b4-fa0d-303d-9cc5-6e5633143bc1,68,1.3539353953216031,0.0199108146370824
c2ac142e-72a6-58c2-9f0a-acc2ae622a90,108,1.35247070289969,0.012522876878700835
531dd357-139b-1c75-674c-f969c000c7ae,61,1.3509791392220423,0.022147199003640036
e14d8b1e-280b-fcd3-8676-f0ec14a86d80,50,1.335443648718633,0.02670887297437266
6619f4e6-237f-7851-e50f-2f41769d8604,43,1.333916442671795,0.031021312620274303
ebf31f99-7cf9-b77d-1a16-1da7f96aed4c,93,1.3319608891381765,0.014322160098259961
6488121e-ed37-2c24-34b7-84a6b947486c,93,1.3266816147267508,0.014265393706739257
ce6e3edf-e901-06ab-00b5-185583eeb8ae,40,1.32053718948359,0.03301342973708975
ef6ffa30-eb7b-716c-b66b-d0db438b2268,125,1.316108198314082,0.010528865586512656
3aa7c517-7091-0133-341a-3abc7d3a674f,100,1.3125627386171002,0.013125627386171002
561c6f7f-ceeb-36da-d6e4-f2586e2e8316,162,1.2932600786748651,0.007983086905400403
9fe70024-cd66-80eb-aa49-5618b43fa865,38,1.2889935533526575,0.033920882982964674
24e877cf-3574-a5f2-8b07-8dbb117f561d,66,1.2862969766552645,0.019489348131140373
03e51f3c-cfff-9ae9-5b2f-cb7e72a786cd,78,1.2842321728959645,0.01646451503712775
f9495ec1-9ceb-683b-3649-a79f99f3622d,89,1.281116849816115,0.014394571346248483
5371f79b-fb56-50aa-237a-c28b6dbbd831,31,1.2637500350699689,0.04076613016354738
3b45ddb8-fde0-99cf-6165-f66bd4462ddb,59,1.2542073844914214,0.021257752279515617
c9060c85-0600-ed69-de2d-6aa7611fc7bc,71,1.253754926158833,0.017658520086744126
47e6d280-b60f-6e84-96d8-a374b5a662a6,63,1.248619647473654,0.019819359483708793
fd505638-2f70-f361-176c-a6c89bd97850,84,1.245017013810019,0.01482163111678594
8928e094-1450-a2f0-bb6f-6fd697d469c4,135,1.2426110381921995,0.009204526208831108
bf2ac865-06ab-adb3-95eb-a4d80117aee8,77,1.2273434476090785,0.015939525293624395
f19f09de-127d-97a1-6265-d5a27b837129,103,1.2266693738196608,0.011909411396307386
5bb494aa-a79b-c741-618c-a11e145668e0,43,1.214020346123989,0.028233031305209044
a4d2e13f-2638-0209-d549-144462a538a9,62,1.212395712705532,0.019554769559766646
f6385516-0e06-82f5-5e29-9d38bdbb771a,36,1.2088580895165069,0.033579391375458525
b8906cf1-9e34-5011-6bc4-1b7f5edaf259,57,1.2043462412505779,0.021128881425448734
c10719af-87b4-f64d-abda-4dd75b197b9d,50,1.1993077930600042,0.023986155861200086
0f6b8de7-1366-c197-e438-c2cb772c1f3e,58,1.1990391041711745,0.020673088002951284
cf9158fc-30e9-680c-b9e5-b65717e1e000,92,1.1884958891185675,0.012918433577375734
7779d05b-bf33-9acd-a1a5-bb2e852f4a3f,32,1.1693572276271789,0.03654241336334934
9deea627-59bf-c37e-d041-5160edc3ac73,91,1.1665242336254522,0.012818947622257717
cea95974-dc8a-a373-919e-beb7ff91d488,136,1.1661606863386271,0.008574710928960493
6c8d8731-c18f-5a5e-aa78-2fc912cba75e,66,1.1595292662631576,0.01756862524641148
cb8a6b8b-c5a6-4bfe-10b7-15c784b83a7d,43,1.1572136277099405,0.026911944830463733
8885b7bb-ab37-274e-de67-e4e0cb571d11,150,1.153404878491675,0.007689365856611167
b26348d5-86ba-a414-caa0-1aea4d766bc3,27,1.1513642320208255,0.04264311970447502
bc0901c4-4d45-8b85-d17f-37826e9e5b4a,50,1.14901579632069,0.022980315926413798
41e53b2c-3ed6-f9b5-29a4-68ffe996db5f,54,1.1443525973832103,0.021191714766355747
963e7b7e-ada7-34b2-b447-eebe01c946c0,50,1.143111720922084,0.02286223441844168
61b3f3d2-10b6-46fd-9416-8976a893ef23,82,1.1388553196658238,0.013888479508119802
18661cc1-b9d0-2e30-154e-9ae1b75e54e8,50,1.1335942171665183,0.022671884343330367
8cdcb61e-d733-bde6-a101-ef3140e48149,181,1.1335432674349533,0.006262669985828471
caea29a5-fbb3-0a09-a224-442a8a2efb50,86,1.1242682958358712,0.013072887160882223
cbbf55f5-9496-ac26-5465-bc1dd9bc474f,79,1.0957236856477817,0.013869920071490908
8cd5c3e3-9a48-051a-d12f-0065c690b66e,53,1.0917179621190696,0.020598452115454143
ac67f786-2de5-43b4-d0af-ae6afd5f161e,45,1.0914919716809173,0.02425537714846483
f2bc8771-8044-2f22-b289-2e910a46dfce,64,1.090467865942365,0.017038560405349453
e0dac365-8533-2a57-86d0-8b89b436e72b,42,1.0715869738798576,0.025513975568568038
be354b10-f08f-a5cc-f750-17e7354be6d4,36,1.0661928605620554,0.029616468348945983
9b9236f2-e096-ef85-f4a8-1e2d657d99a2,137,1.059100947366653,0.007730663849391628
815dbceb-8111-3b17-f4aa-3b5c7a6c0c43,39,1.0550700997840836,0.02705307948164317
425891d3-f7cd-c14c-6c9e-25c8e218baed,49,1.0451913209387023,0.021330435121198005
6c3c93f5-8e6b-ecc2-be4b-8d7a1788438f,79,1.043605799915924,0.013210199998935747
4152b475-2bfd-8f22-09a7-f721c76d1a90,44,1.0182116113153912,0.023141172984440708
1f96dae9-d63f-c6da-686b-351c8fc8c14c,85,1.011489936783621,0.01189988160921907
fe72eceb-4367-8d2c-8559-ccfb83481eb2,53,1.0015783890781491,0.0188977054543047
fc4b5423-4463-8a2b-f319-30916f7c8928,32,1.0009080174643061,0.03127837554575957
0fb7c364-441d-653d-bab6-b5081b90ce08,39,0.9877644046652999,0.025327292427315382
332983fd-d9b9-3b78-fe67-9b985bf20d66,42,0.9755404155178741,0.023227152750425573
4b1c4f85-f533-4ddb-1d2e-b0f38afa4cf4,79,0.9543927126969296,0.012080920413885185
81f67e82-04fb-7536-2181-669ac1247363,92,0.9440986631090869,0.01026194199031616
65487019-1991-79e8-c505-981beb0636d0,17,0.9309437588231788,0.05476139757783405
e83be427-c991-506c-5133-ca5f4a743e97,26,0.9288655087713497,0.035725596491205755
7e3477b8-f45a-94a8-5f27-568c76857979,51,0.9197954049817455,0.018035204019249913
8e21faad-e800-5bc9-c0ab-dd31c702e09f,25,0.8963109365514692,0.03585243746205877
2b27457e-ba5c-020f-4ac8-e29e3726f8fb,38,0.8908540473298896,0.023443527561312884
cfba3301-eead-3014-a5aa-d4daa9cf5d3b,28,0.8893109615985566,0.03176110577137702
9e7656e6-afdd-5100-adf6-0e1485917da6,51,0.8753430628505438,0.01716358946765772
28fee7d1-3bbb-19df-abd4-2e0febaadcea,11,0.8751720262219026,0.07956109329290023
6478e1ee-af93-5c31-b87a-97218a8236b2,31,0.8687073004626342,0.028022816143955943
78821ac8-2fb6-cafd-71d8-bf5d718e6703,36,0.8588309107227422,0.02385641418674284
6c770e87-d5d7-763f-0cca-765dbe76e8ef,16,0.847472976810042,0.05296706105062762
1d2778e0-9709-3b32-491b-3b3f32c7bb09,108,0.8459101503898736,0.007832501392498829
b233d426-2432-2abd-cb57-c1f6ca4aab46,54,0.8375436641195592,0.01551006785406591
805e3414-06c4-31b9-75fc-b1ca4a97ae2c,48,0.8339463371668078,0.017373882024308496
a0c15a5d-c635-d29e-06a4-421921529350,51,0.8332217676315866,0.016337681718266404
11ae7263-a7e4-4c1e-e2c2-45387d3e3070,58,0.8314537317803583,0.014335409168626868
4ef5382c-6459-519f-de86-96aa6ab54c2e,20,0.8245684759157713,0.04122842379578857
604d9f76-2548-d1b7-d7db-bbeccf411412,34,0.8139098157406229,0.02393852399237126
393edf9b-c8b4-b93c-4a23-c0b2ed585c9d,39,0.7916877404580167,0.02029968565276966
def7057c-c63b-ba5b-6622-d71d6a64838f,54,0.7909641194052361,0.014647483692689558
d29ba519-c5d9-1220-eda7-e0ec41379e99,51,0.7844114144174861,0.015380615968970316
bba30af5-560c-b50d-0be3-319e7be45c4d,95,0.7821856947985653,0.008233533629458582
17bf6332-f9af-d4f3-c60a-ed7cd976f2cc,15,0.7697973269267921,0.05131982179511948
003a207c-5852-cbf5-bae2-cbd94421b4db,89,0.7674469799196141,0.008622999774377686
e1386a3b-c1fb-9641-bb06-7ba06bb4d88c,89,0.7604827234183572,0.008544749701329856
9175a5a9-9fbd-0d4b-8db1-799ddc3b65e7,16,0.7567527168049439,0.047297044800308996
a23408ce-f1c0-03b6-d7ef-60da484f7212,81,0.7460172785063024,0.009210089858102498
48d0d556-7f19-8d92-f6ff-b83120c8c32b,96,0.7414438316255899,0.007723373246099895
a0ee2ae4-f345-5203-c3b7-60b728f5f7fb,9,0.7346068811838271,0.08162298679820301
c2820307-4226-fef5-3594-74ac709a6b6c,46,0.7341324486838743,0.015959401058345094
bfcaa06a-42fc-68bf-aeb2-f26f3d6c02f7,99,0.732601142282451,0.007400011538206575
0f1cb51b-ffed-b0a3-4bb4-5521cdddbf60,11,0.7245092911889934,0.06586448101718122
e4f4914a-cdb7-1be0-bfb6-d756aa6b7b8d,52,0.7244791457526217,0.013932291264473495
3728a22e-e32e-cf71-be16-1a6317838f86,32,0.7189582802575799,0.022467446258049372
969d3085-fa53-17ab-7c5f-74979791c28c,80,0.7169918309170217,0.008962397886462772
3c2ab360-a121-0ed0-f646-981b7b371eda,56,0.7156468522283987,0.01277940807550712
4b99d7b8-d6b5-992f-cfee-3024717ea00e,84,0.7105062008523557,0.008458407153004235
c189c220-2085-6731-4cab-1c94102e687e,17,0.7018954603938148,0.04128796825845969
f2e05df5-d44c-ae54-40b6-64ec7d896201,46,0.7016639446156675,0.015253564013384076
4cbd21fa-5265-f7d5-ac2f-2fd78d7480aa,26,0.6964879995025979,0.02678799998086915
8c885fad-a1cf-d44e-ff3c-1975721abdbc,5,0.6630890307491121,0.1326178061498224
a65308f1-5c3e-a5de-87e2-cead7d9f44a7,73,0.6590517517893811,0.009028106188895633
6b02137d-510a-65ed-24a8-c60dffebc9f3,50,0.6458124579048093,0.012916249158096187
2864d29b-c2b5-a160-af4f-33bd2c5150ac,9,0.6408968404674016,0.07121076005193351
68d2ade0-47ab-96bb-f22e-8f98b3aeb212,27,0.6395008320135811,0.023685216000503002
71eb162b-840b-6a04-acbb-8d076fc857d1,32,0.6354170925081297,0.019856784140879054
e85322f9-3cab-0b5b-4435-ed9cd9ef008c,17,0.6326117897984106,0.03721245822343592
0f5d506b-581b-3d01-5aaf-a5b5d36bdfab,52,0.6307604491891083,0.012130008638252084
9fe3605d-f4f9-9c7f-e12d-760d6cc2d387,24,0.611321658330641,0.025471735763776707
87bd2512-ca41-d650-0517-297bbfc26a41,57,0.6112745700199049,0.010724115263507104
30a82081-452f-1e14-177e-d25c40f895a3,62,0.603747407776518,0.00973786141575029
16639321-8e4f-7071-4f1a-276266715f99,41,0.6022335958624317,0.014688624289327604
1651abe9-2976-0545-0d54-345324506c9f,20,0.601353852505476,0.0300676926252738
f01abcfa-44e5-5d4c-df7c-876f3b8011d1,80,0.5871968595007346,0.007339960743759183
ca8bc734-74c0-cc3e-db09-72ea657f75e2,33,0.5842978566801238,0.01770599565697345
12845e0c-fc7d-d76a-f026-bb69d8aad07e,160,0.5790591053966623,0.003619119408729139
c6548f66-32fe-d071-8807-3d92f9c63357,34,0.576177017827366,0.01694638287727547
0fec22fb-1012-3b71-e15a-fa49606b54ed,33,0.5681806207667642,0.017217594568689824
675635e1-14fe-6bdd-0302-1323e92737eb,77,0.5655051179364248,0.0073442223108626595
a0de9f22-44da-3274-37de-11b5b6d222d6,7,0.5448294221039687,0.07783277458628124
acfdf636-4d25-0dad-fe9f-a31513941939,75,0.5420041545560221,0.007226722060746962
f4273f89-7803-88f9-bdc0-01625b90fc63,22,0.5342535474323965,0.024284252156018024
adce8fef-8cdf-c45c-6d59-68ef391c977a,83,0.521975325696423,0.006288859345740036
d08159e8-335c-017c-ec2d-22575807193d,8,0.5114858001601367,0.06393572502001708
24aca8e8-c87f-6a40-46fc-afb2373d9531,22,0.5081942472230782,0.023099738510139915
be8e81a6-ec2f-39eb-ef48-6264cf6f5d01,13,0.4961355602937259,0.03816427386874815
472ae96c-4b00-987d-520b-b7574439702c,22,0.4953417737776091,0.022515535171709504
40b0831f-a686-8996-c0d1-ffbaf8b68616,46,0.4797093230128441,0.01042846354375748
728870e3-f628-bce2-5544-711d35c037ca,45,0.473230496100286,0.010516233246673022
c35114ac-3137-f740-106a-393d981645d3,12,0.46786414716065067,0.03898867893005422
b4bdcf7d-af7f-59d1-384b-4f207395ee19,9,0.4379488832922999,0.048660987032477766
ee6f66a2-297c-c175-476d-a4390ead7eb4,27,0.4354066416716079,0.016126171913763258
3a14b096-ab58-d9b4-31a1-4431e06e9893,67,0.4323486451233342,0.006452964852587078
db323125-e53d-b2b8-277f-f2c91384f549,13,0.42787440496492657,0.03291341576653281
f8513815-ad09-b742-fef8-9814f2313b80,43,0.425742723845569,0.00990099357780393
5f6e7132-7315-97d1-1833-90ef2671c403,94,0.42302897241315857,0.004500308217161261
ae1aa801-5655-af70-d031-019a9c091f86,26,0.41435785747480314,0.015936840672107815
b4a5f3d7-6dcc-ddb1-2e99-6d4e41755f66,15,0.4143414847850749,0.027622765652338326
beb04132-9c13-08d6-e1fb-01fa5272d50c,8,0.40335454459487635,0.050419318074359544
e25ac5dd-5c9f-292e-3d0d-98f423829cce,26,0.37241447407120776,0.014323633618123376
42be5bc9-7952-affb-ce16-442e16f141e2,8,0.36766206814553914,0.04595775851819239
f6ab9da2-4084-7236-c988-3ab4e0f7db49,20,0.3386156405781237,0.016930782028906185
27588d0d-69a7-2290-9289-ec66dce9bd74,17,0.318289918202769,0.018722936364868763
cbabf9a6-fbd2-f2f6-6f08-ba10e8ea843f,21,0.30030698279477447,0.01430033251403688
647a31e3-83fc-035d-c92c-bedd256d0c59,16,0.29283788604477934,0.01830236787779871
add71ad9-21c0-6eb3-ed18-205596e41672,20,0.28348838222215555,0.014174419111107778
2766277d-aa8c-2da8-d328-62f1cbf03279,11,0.27956761742488145,0.025415237947716496
01956662-5748-f2aa-a4b7-3501fc7c09f8,20,0.2697729542635054,0.01348864771317527
bcd88228-d322-91a4-38aa-2ac368186ee3,44,0.26854611746944745,0.006103320851578351
2930b9a2-e32f-9bc1-bad9-327d514a020e,7,0.2534144602787799,0.03620206575411141
c41b546c-c200-fe0d-b46c-fe319e2e42e6,5,0.25268069360977946,0.05053613872195589
8200c442-154b-1e44-603c-432165892a57,47,0.25040674845033695,0.005327803158517807
7336b864-27d6-7481-edab-db81bedbee4a,9,0.2417612396033148,0.026862359955923867
ea7c79f4-a992-0dfc-7f0c-913a5c701c2f,37,0.2382333643048513,0.006438739575806793
b1d28ddf-4bc2-2b56-a1c2-123e233a2f2f,29,0.23330358908615031,0.008044951347798287
d11d3df7-7ef8-fb46-8220-3f5604bec3b8,17,0.22617827720774283,0.013304604541631931
5a5d0830-e103-4d21-f233-e649aa2cb119,6,0.22614471061201669,0.03769078510200278
b5612f31-b1a0-8934-f8b5-5f980f2cb2a0,4,0.2152491740699326,0.05381229351748315
705342fb-5233-cb03-d7e0-2823602d0ca7,13,0.21408320902631378,0.01646793915587029
eb83ef82-3ad4-8464-b716-671f53e373c8,21,0.20310721742703855,0.009671772258430408
901235fc-1283-6bef-78e7-d9ba49b910c5,5,0.2001702940429542,0.04003405880859084
d5cbd975-fd60-baee-98cf-7ef20bd4859f,50,0.19482450619286262,0.0038964901238572524
5e07be36-1384-d298-ee92-4894ea6da4da,28,0.18804092370448114,0.006715747275160041
92ba8cca-e560-cb08-e2d6-15259ce631d1,9,0.18620278029887471,0.02068919781098608
2bac8c42-d730-5703-9583-b7cebb96c736,22,0.18128955332624666,0.008240434242102121
6b122583-dd65-ac45-1516-8d861b35db24,9,0.1769228541324675,0.0196580949036075
5ed92cf2-bc71-8b27-ceef-13805029dcbc,52,0.17442581977889754,0.003354342688055722
5dfe0fd2-51d9-4615-89ff-9ee6a2db9028,12,0.17053376199416515,0.014211146832847096
58ff86bf-e659-f9dc-3f5f-6a51741e47ab,42,0.1670197415831775,0.003976660513885179
5d869c26-9a71-e900-832f-2f3b45e7471c,20,0.16470342829945236,0.008235171414972618
aed2833c-1982-2c81-12d6-ce42690c132f,13,0.15595657321129955,0.011996659477792273
d7e15544-a382-b7ae-d2ed-7fcff5f65212,12,0.1538840295386291,0.012823669128219091
1a8b325b-f423-4cca-aafc-bd79e3ab00b6,15,0.15121867018004853,0.010081244678669903
eaab14dd-8505-cdf5-3f38-9f935e6969f3,8,0.1501782498050831,0.018772281225635387
1cdb2dba-e186-98bb-ac8c-e81b86f7628b,12,0.1483820327118261,0.012365169392652175
62da8db3-43ba-54cd-41cb-1eedac95ba17,10,0.1352221901412234,0.013522219014122339
05b95071-fc69-bd44-2833-e883e840dcf9,6,0.13193193354500782,0.021988655590834637
967b2a1b-5b32-53aa-97e0-344f226f85dc,79,0.12618056026904248,0.0015972222818866136
9d5f9778-e77b-d632-be6a-b05e1df07de4,10,0.12298678252665346,0.012298678252665346
5833dbf2-d4d6-e001-2cd5-74d2a3bac7c2,26,0.11725944031481811,0.0045099784736468505
2d245fb8-c111-e6a6-8260-585cd803ac26,14,0.10154855880952238,0.007253468486394456
b01afbd7-6ec9-96e1-f267-7cc7dee4dea0,22,0.09998458738355265,0.0045447539719796655
3b937317-88d9-8fb2-ebd2-268555930325,2,0.09575925669479247,0.04787962834739624
fb7c222c-ebe7-4beb-3638-c0b60a15a0fd,18,0.0852784581967484,0.004737692122041577
4e579c02-16bc-bac7-ced8-63eecf89a8b9,16,0.07899152191411579,0.004936970119632237
9108f109-2f27-6e12-5e0a-b692517acf4c,98,0.07359707208131276,0.0007509905314419669
38c336f8-97da-9f14-d503-e14a767e995e,4,0.06437184430098356,0.01609296107524589
38337d0c-d847-3281-c6cd-ee7361785511,8,0.05763790336257536,0.00720473792032192
f8f0ab6b-c477-8ca9-012b-e1ad59382d40,2,0.05591379833903796,0.02795689916951898
3234f05b-aafa-95e9-07e3-c23dea148f88,2,0.0468143816785118,0.0234071908392559
b515a4d8-b6ba-5e9c-808c-3ab9484fcd14,44,0.034509695986989226,0.0007843112724315733
8287ec3b-6cc4-cfd8-ded5-d59e0b7b60de,40,0.031464518889562094,0.0007866129722390524
5051b123-581a-7b4e-d99e-a179a9cccd3b,3,0.023960349818676563,0.007986783272892187
cfb46079-cb96-b7c5-442e-26ea0e34e136,7,0.021648177413979373,0.0030925967734256247
ee5122aa-cce5-d4fe-9403-b87023179682,12,0.01953376151516227,0.0016278134595968559
b18a382f-18a4-2fd8-10e5-fa3a3726fe0d,58,0.01864998685425962,0.00032155149748723484
dab54890-f20a-0b2f-181d-e88083848dd4,3,0.016990847340903236,0.005663615780301078
73f11278-21e8-9bd9-f271-70e5cf8d41e7,29,0.013911016685468165,0.000479690230533385
35a0035c-20e4-aa72-6d80-3910349c04b0,9,0.010569898495329284,0.0011744331661476981
20e6209d-373a-ce4a-1c9c-0a40ea6ef7ff,7,0.010285264510537859,0.0014693235015054084
c2902aae-ee02-d58c-8569-fd701d9cd9de,6,0.007586216680438429,0.0012643694467397383
fd45525b-8660-6dbf-0ae5-1589daee800f,10,0.005721414519165861,0.000572141451916586
0b85f915-4c74-a01b-ed14-6943a16bae21,14,0.0038383173931823646,0.0002741655280844546
a5d99bd5-04ad-cc18-c4b4-2e2ac07cd3e5,16,0.0032595650955824563,0.00020372281847390352
ce8efa65-92ac-016a-bc78-8cb03af0c2f4,2,0.0024774298656508043,0.0012387149328254021
8daf4deb-9b23-846c-ca70-4b49f9ad7658,5,0.0011427365272892245,0.0002285473054578449
1e181fe0-11d2-8b93-dfcb-0b3b08076a1f,5,0.0010486605490778438,0.00020973210981556877
eeab9820-8fb9-1fe7-a710-54c9e7a4e778,24,0.000803902471420692,3.34959363091955e-05
87926b9c-8a1b-522a-bbb9-6f749edb9ddc,1,0.0006186693396472709,0.0006186693396472709
8c0ebec8-d71e-d044-0d5d-0bbc79aa9155,2,0.0002657911600554662,0.0001328955800277331
b4551979-e2e9-bc50-39f9-d5b69609f382,1,0.0001156913477414756,0.0001156913477414756
a24697c5-99b0-9cba-212d-ba38aeca8a0a,1,6.215628311601051e-05,6.215628311601051e-05
79afc51c-33ef-42b7-d824-12c175fedd9b,1,1.0698588707859844e-05,1.0698588707859844e-05
4eb9e287-fce7-9896-ad30-2a27222178b6,1,6.260618267361906e-06,6.260618267361906e-06
a721ffb8-c950-cbad-54e6-41a7ae177acd,1,-6.965862725205607e-05,-6.965862725205607e-05
4d495b06-e706-89e3-59ae-b670e6ace70f,2,-9.837473603959898e-05,-4.918736801979949e-05
617fa948-0850-415e-a86f-30cee56bebd4,1,-0.00010093119256127103,-0.00010093119256127103
647565e5-1012-bd7f-f56f-3fc756a2ad52,4,-0.00010947323271492948,-2.736830817873237e-05
0df6649a-904e-408a-b17c-e5f7720061ef,1,-0.00016218678007728915,-0.00016218678007728915
7e62a48c-1ade-1ad5-7da1-73f6551e4516,1,-0.00018139378785075877,-0.00018139378785075877
0a6974f6-2617-dcc6-487c-34d9d0d6e3a9,2,-0.00023712219121851952,-0.00011856109560925976
1586746e-cebb-583e-a668-5f66df384eb2,3,-0.000282648949228474,-9.421631640949133e-05
fb8b7824-cce7-967c-b477-848f6d0535cd,1,-0.0003214398870815538,-0.0003214398870815538
4a958778-ad3e-a99e-3fd3-f9d53cc6e145,4,-0.00033707701592258565,-8.426925398064641e-05
d0b6a7c5-c21c-dbf4-60e0-23ea4b89c458,1,-0.0005935059989189417,-0.0005935059989189417
3eeaf7c5-7fd6-1881-19a3-43e85849001c,1,-0.0013351366593791214,-0.0013351366593791214
7ded16cf-d2c8-7e4b-a0b6-edfdcf61afd0,14,-0.001976094061847668,-0.000141149575846262
f2811315-a63a-c5b6-95d0-80e2cb18975e,2,-0.0036452225672611045,-0.0018226112836305522
b7459409-30b2-bc6e-e869-0a99b09589c8,6,-0.0046875992982390105,-0.0007812665497065018
45a2c93b-c050-c12e-b8d2-9d002eef5804,5,-0.0058692442134067385,-0.0011738488426813478
61cf0567-90c5-3e07-99d9-8b08b22c623d,3,-0.0058731358371980295,-0.0019577119457326766
fe50cf98-a6c5-0980-85f5-fe90182dd9b9,4,-0.007381821719181996,-0.001845455429795499
e5ed606b-7c57-ce3e-d45b-80682aa56dbc,27,-0.010957369954130438,-0.00040582851681964584
acf8c23c-8473-312b-f8e1-790b7f209c6b,3,-0.015546057583950668,-0.0051820191946502225
4784e648-7a45-84cb-e5d5-3e5a6ba04f7c,18,-0.015665845969101193,-0.0008703247760611774
87bdf491-4306-7ed7-527a-34835f166483,3,-0.016613365848089295,-0.005537788616029765
3d5d0fd7-9f6f-134b-217b-a762b833d6ad,10,-0.021083683208981144,-0.0021083683208981143
9e9f0d39-c731-c9ca-363a-b83c1659dcc9,3,-0.03886969911099692,-0.012956566370332307
a5b7b24c-17f7-9ece-93d4-237da071f7e2,4,-0.054890428673399425,-0.013722607168349856
1ab2133d-766e-f84d-6493-58a2f096104c,33,-0.056675293366048804,-0.0017174331323045091
d6cacecd-ace5-db8f-d62d-72f51f65b089,25,-0.06998170099630724,-0.0027992680398522896
8323c731-fc92-99db-5509-b7c1ef5fc83d,6,-0.08977141314844171,-0.014961902191406952
25e6444a-1fbe-66b1-5e10-17b5f0f84f9e,4,-0.09226180561332117,-0.023065451403330293
e53cf55d-c979-8258-a096-359968afcde6,6,-0.09235223078409507,-0.015392038464015845
34f1d587-08e6-10f2-c48d-54fb50d3b881,14,-0.12598007429249108,-0.008998576735177935
ce2b247b-205a-e275-79bc-893e80beb087,35,-0.1351300174144049,-0.0038608576404115685
a3992b3e-5431-d578-46ae-c846ac78852b,14,-0.13646414586115202,-0.009747438990082288
4a3350c4-97e1-9963-9715-c358507e8b95,21,-0.4186231802645764,-0.01993443715545602
