player_id,player_name,position,n_presses,total
5cfb433e-f489-5965-e0f1-6ccb5d7a2b2c,"Nikkanen, Henri",C,201,10.525981284711447
41628483-4877-7355-2278-bf4aca0a7017,"Teply, Michal",F,249,10.452281495738141
69aa4743-6d37-4847-9c9e-f55a0d888150,"Weatherby, Jasper",F,207,10.386078604417113
add3d394-1378-64cf-5d00-dc6027bcf5bd,"Slavin, Josiah",LW,257,10.321153856078778
efe32eee-dd5c-b72b-7da9-d193d8e04efc,"Klapka, Adam",RW,188,9.825003670453363
2169a8c5-6ecd-6471-78be-1fd91f858e82,"Chibrikov, Nikita",LW,262,9.710860705551177
af933b87-4f83-feaa-feff-6f90363db186,"Sabourin, Scott",F,234,9.374190335759584
c0cc293f-af8f-d0d6-d86a-65f9e3ad1df1,"Damiani, Riley",F,205,9.337153296000787
2fcd5eda-6ffa-3088-c189-0b3342a16345,"Fortier, Gabriel",C,141,9.220167728580632
a498fb15-dea2-c999-7f8c-63aa786b7bb7,"Gambardella, Joseph",C,213,9.178654094118432
f4d0b772-1f4e-66ba-7ed2-54024c2c659b,"Reichel, Kristian",F,251,9.027016372484395
aac0832e-8972-5a3d-7f15-1ac5c9e80727,"Shaw, Logan",F,205,8.70130249883908
41273737-16e3-50f4-d08a-03a1fc11edf5,"Bourque, Mavrik",C,236,8.664040674296226
9b65e913-a13d-a05b-9427-55f8feacc295,"Bitten, William",F,189,8.659753083478142
6b15df6f-e4cb-a8f9-2f8f-1985efc31e8d,"Kubiak, Jeff",F,241,8.608242764578414
eaf6e42d-fc9b-2620-d315-6f442cf5afa0,"Bardreau, Cole",F,248,8.414402868210965
3df1ae9b-2aa4-e9cb-6921-02b059b862b6,"Caamano, Nicholas",RW,191,8.384455197812546
9123cf74-4ebf-4134-8942-ac14445c836b,"Todd, Nathan",F,290,8.301710549363316
09acb688-56e4-f841-9840-99924478fb13,"Dowling, Justin",C,198,8.293523621379142
4f269c7a-99a5-bd2f-9bb8-5ffeec578d52,"Henriksson, Karl",C,185,8.13229917918727
2e33542c-6735-7a9d-beb1-3911e384f921,"McDonough, Aidan",LW,209,8.05209830781837
e75ad40d-06f3-a0e9-0b73-d4b75b83749f,"Koppanen, Joona",C,195,7.9069609298083785
5cee66d8-083a-7d7b-bf0f-b11fb30cbebb,"Tracey, Brayden",RW,198,7.870288860235784
585986b6-3712-2c35-2fca-81686469bf23,"Allison, Wade",F,263,7.720731356753854
b5213912-a849-6bc0-e07c-2b66d599713e,"Dean, Zachary",F,157,7.692763566839692
eae0f98c-c856-b1d8-3723-60b369cbf5c9,"Hardman, Mike",LW,194,7.391300484153792
3aa7c517-7091-0133-341a-3abc7d3a674f,"McKenzie, Curtis",LW,180,7.202796171731261
c8faf786-d902-4a0e-cfdd-3326fa37b797,"Burke, Cal",F,180,7.085990279850936
48ab1f72-0e6e-a7c9-0c5d-a978d9ace0fc,"Abramov, Mikhail",F,178,7.069249186155869
17494d44-9ff1-9cf3-5f99-cc754342c12f,"Bishop, Clark",C,171,6.9861441625000955
1b82a2ec-e891-f657-0e2c-842e3a0fd79f,"Suess, C.J.",C,268,6.948466599293938
d9161211-1630-84bf-6d4d-423ce053cd83,"Abruzzese, Nicholas",LW,230,6.939706162875753
db0333ab-7807-d7a0-6a75-e78b8401080d,"Fogarty, Steven",RW,274,6.91759532623595
594759ce-c137-f893-62f5-d6b5ee7db55c,"Merela, Waltteri",RW,137,6.85526036017267
8b9a3cb8-fe56-bdee-92ab-9dd83fa15593,"Asplund, Rasmus",C,229,6.853542462376595
62962656-a554-8ab3-7d7f-5669fa932604,"Goncalves, Gage",C,224,6.8508076669690565
bc0c9735-bac9-f48e-c06b-01df0bfd052a,"Truchon-Viel, Jeffrey",LW,296,6.787983332173758
5bd9a56b-e7ed-0f23-4c35-63587ff2bd90,"Kaspick, Tanner",F,182,6.595429389541266
6e6168a5-df29-f732-cbd8-5e5d3ccfc780,"Back, Oskar",C,201,6.461670975660794
2b318d4d-2e7b-6d8c-98a7-7d85c71436c5,"Walker, Sammy",F,286,6.431936628273948
bfcaa06a-42fc-68bf-aeb2-f26f3d6c02f7,"Ibragimov, Timur",LW,118,6.4313225954958835
f7d87866-fb2a-6a94-5317-d30145102fef,"Meyer, Carson",RW,144,6.424474055758976
68314a41-fbd6-d896-fb13-c348f321b1e6,"Wedman, Matthew",LW,70,6.4032374733062944
1b0ec3d0-fbd0-112f-f859-6c6696f55dee,"Beckman, Adam",LW,234,6.2989332720369084
5ad461c4-01e6-3090-18c9-0aa215276809,"Gushchin, Danil",F,241,6.133943191247115
2f0d296c-e9df-b8b7-f0e0-a135b8802329,"Soderblom, Elmer",LW,230,6.068950400337732
5f6e7132-7315-97d1-1833-90ef2671c403,"Regenda, Pavol",LW,175,6.041652036692254
6488121e-ed37-2c24-34b7-84a6b947486c,"Carroll, Joe",LW,140,6.008122362821324
86d443fb-d036-6a5f-adfe-abd2286c4a74,"Blandisi, Joseph",F,216,5.970473008053578
a55a9dc4-0d17-6c79-1200-0e6282e49b76,"True, Alexander",C,196,5.94424428557759
3c97dc1d-a952-5220-56df-de7a5c64c208,"Mcging, Hugh",F,199,5.92703863037909
67e1e8ce-d6e8-927b-8a0f-0eaf39b35fc6,"Pinho, Brian",F,223,5.919763080594201
a792d2b1-ce98-c030-e583-39536e721171,"Clarke, Graeme",F,238,5.848588480372619
fc414242-12e8-6043-d405-65eef24051c1,"Olausson, Oskar",F,158,5.809280015266838
e69dd394-c120-c096-00ba-2db135c0a1b1,"Dube, Pierrick",RW,201,5.794304701723275
b460c5a3-506f-26e8-0bd1-3e354b96b1b5,"Sourdif, Justin",RW,195,5.753117586198602
05017054-7f2a-ab0a-f2bf-9c685b7f0789,"Mastrosimone, Robert",LW,137,5.742286147845458
29bef5a1-cfab-3a79-60d0-9389a42a0e4a,"Cassels, Cole",F,270,5.684239450869301
4a330c37-6650-01f9-b5c3-76e54ed5a565,"Blumel, Matej",F,203,5.658160849024691
8885b7bb-ab37-274e-de67-e4e0cb571d11,"Farinacci, John",C,216,5.648211247918337
a6b4086e-956a-6a17-e22c-83858e92ef99,"Condotta, Lucas",LW,198,5.6420853541555775
4140108e-fd7c-f6c9-17ed-54d6cb083bb4,"Clifford, Kyle",LW,150,5.618301990143015
ee133fc2-90e8-4f9f-b9da-0150fd7acd75,"Doan, Josh",RW,203,5.614867822617941
befd7372-8a19-ca5a-c1db-88c82ad4500b,"Criscuolo, Kyle",C,235,5.4834127202054015
9bfe9ddc-4b06-ca9d-ed9a-9fbda2f10d8b,"Kero, Tanner",C,199,5.450501521928221
e14d8b1e-280b-fcd3-8676-f0ec14a86d80,"Hirvonen, Roni",C,124,5.391089487826802
57416be2-68df-99d1-ada5-d3b6d3ef77b0,"Lavoie, Raphael",F,197,5.341015860705485
cfe456f6-9907-e4df-333f-27b358f49ebc,"Rybinski, Henry",C,129,5.329581853926372
79b63b9f-49dc-162b-951e-053b32088ce5,"Smallman, Spencer",C,140,5.2966829578280725
001f8fd1-bc74-2cc8-3e59-09a02532c938,"Nesterenko, Nikita",C,212,5.268826139716062
a642a014-b17e-3674-5214-a0c41b7836ba,"Mayhew, Gerald",C,226,5.262622092727259
650eabdc-aab3-679a-03a2-d086646b86b9,"Pare, Cedric",F,166,5.260724192504357
9ef6d4ec-63a9-9da3-2580-cc0bfca09b47,"Malone, Brad",C,169,5.24057332855794
c4ebf006-49c8-4653-9f36-08b55190b8b2,"Dufour, William",F,186,5.207060499650518
bc2abfcb-4444-082a-2f24-73a1a10338f5,"Biro, Brandon",F,174,5.206845048603252
3f1cb8fd-1aa5-5b5c-a0f1-d8dbb7756d87,"Durandeau, Arnaud",LW,174,5.202934431054536
71bee4d1-8889-3ec6-e934-ef86eca81be9,"Walcott, Daniel",LW,167,5.197918405972025
2f46ba90-e46e-6371-ac00-07be713995a2,"Sasson, Max",C,247,5.151618695108584
0197019c-0e19-f14e-cdab-ce4bb3630856,"Laferriere, Mathias",RW,204,5.05493153561217
ef6ffa30-eb7b-716c-b66b-d0db438b2268,"Strome, Matthew",RW,188,5.053518994565841
e0cea5f8-086b-dec5-d799-9f09a23f8d52,"Gambrell, Dylan",C,216,4.991481704028569
f01b2f76-df10-daf6-f8e2-f2a3968f6d64,"Dalpe, Zac",C,170,4.954827835935549
e8fea67a-8042-8fda-08b4-f058368fe357,"Bolduc, Zachary",RW,144,4.943966777908651
a0c15a5d-c635-d29e-06a4-421921529350,"Dunne, Josh",C,94,4.924436559158003
d9cf213c-8aa3-ec29-2aa1-29c82ed7d5bb,"Raty, Aku",RW,176,4.921931467133779
ec19bc8b-8413-3a35-3a64-922eeb62d5a7,"Jankowski, Mark",LW,120,4.910067062845496
88e216a2-1386-7181-fda4-1819e8611ca5,"Wise, Jake",F,136,4.857095844396657
f3da2b72-e9b7-6d05-ee3e-834953f9f070,"Marody, Cooper",RW,190,4.826450821128735
0ca4f9ef-7e7a-d691-6e1c-16d394e84bfe,"Baddock, Brandon",LW,175,4.817009678587872
31afd5bc-827c-9211-5784-f7a96764b140,"Rondbjerg, Jonas",F,184,4.74842201314115
a0555634-4279-dde8-209b-5fb7664923b9,"Wilson, Garrett",LW,211,4.69312021914403
95faf17f-eeab-555e-2e51-7af990402dc6,"Samoskevich, Mackie",RW,201,4.657767372907744
f4381702-541d-bbce-d4ad-9ada397f80ec,"Cracknell, Adam",F,229,4.651659996165868
60a256f4-156e-1e04-ed00-29e7b5fc2243,"Bourque, Gabriel",LW,163,4.601555886087197
d7535706-ab13-a4e2-1b01-b80ac5ff0720,"Andonovski, Corey",RW,169,4.5604751941365835
499a866c-4e2f-75cc-4453-3765b766e0f0,"Thomas, Akil",F,193,4.551506775668207
5e597523-3951-4de6-6d47-6d3fe982366b,"Schneider, Cole",F,141,4.538164686776639
9a673947-843b-c6fd-0b7e-35c0d46cf23f,"Sokolov, Yegor",F,231,4.521815309292032
e3640c9a-f167-a9fb-5b42-88d88654fe8a,"Lind, Kole",F,216,4.504204832448012
9ba734ab-eb7b-f21a-f8f4-737e7fd707b8,"Desnoyers, Elliot",LW,180,4.489371155292973
85ee3269-0c02-823e-7fe2-a1a0b0566cd7,"Chaffee, Mitchell",RW,111,4.48432379973649
be80e6a7-4664-2ddb-bcd5-cd4e5085e1b5,"McGregor, Ryan",C,127,4.4506290952358505
e11c278e-bb24-1555-240d-8556a7f63afb,"Sutter, Riley",C,199,4.429524969252478
178c4dba-943e-4f43-64ea-51402c33f28d,"Miroshnichenko, Ivan",LW,126,4.427129452484083
3368d715-4eb3-12ac-5ca3-637be728e649,"Comtois, Maxime",F,194,4.406162548998491
5a453d9b-d3e9-d3cf-af18-be043e9650b3,"Rempal, Sheldon",F,246,4.389531108530317
b0ca309f-321f-7119-6c17-cf1437cc9bd8,"Elynuik, Hudson",F,155,4.3616497804665535
cce167f2-c8fd-27c9-a350-0a4931c5b132,"Megna, Jayson",C,219,4.296408385136447
6845c1eb-216d-4366-cda0-d3c220357faf,"Del Bel Belluz, Luca",C,178,4.292554939085374
58b0c680-a304-643d-ce76-6451b920519a,"Rau, Kyle",F,125,4.279497323183731
8dd277fe-98ea-6fe2-f846-af1ff688112e,"Leonard, John",LW,202,4.263760899207237
6d76255c-3247-8cd9-1e45-d4543ce11e86,"Hayden, John",F,197,4.256613844700212
9d227775-ff40-8878-dbd2-b275f291952a,"Karlstrom, Fredrik",LW,207,4.253632933352909
42e3b869-a651-df12-3291-53f0f3320501,"Gettinger, Timothy",LW,177,4.21257220453534
4d3e2b74-879a-b997-e31f-715ee7403cb7,"Mersch, Michael",RW,180,4.194900217191071
34c9b6d7-581c-e992-d276-c44d50fff88d,"Smith, Dalton",LW,180,4.186525753154218
0e576680-d92a-8954-1c02-51bab3e6670c,"Kelemen, Milos",F,145,4.163392815996096
94c58fec-e597-77fa-ea7c-b64e8dec79d8,"Froese, Byron",F,222,4.146303342375137
5ed92cf2-bc71-8b27-ceef-13805029dcbc,"Lapierre, Hendrix",C,44,4.142301053946195
3009ca76-0ff6-9da5-c8b6-6fd357f7a7e1,"McLaughlin, Marc",F,209,4.108238967836859
0e547df4-db0d-2b34-7e18-2ad196cc9192,"Brown, Patrick",C,119,4.096169265829418
8f7dc0f4-ca8a-10e4-040e-574cba9e71b1,"Drew, Hunter",RW,101,4.0870539287163545
c7554bfa-9d55-0c17-9b33-0f223ea3f85a,"Currie, Josh",F,218,4.079897050448341
e936a4e7-0304-42aa-1ad8-269904d96714,"Karlsson, Linus",C,243,4.06574363671636
967d9997-756d-44cc-889a-8c024fc10a3c,"Robins, Tristen",F,113,4.057075592775182
a4939932-d13e-4c1e-b534-699402d2888a,"Laczynski, Tanner",F,174,3.9826252114678344
23976a10-6bbf-0e35-6025-abd653ad2dd6,"Raty, Aatu",C,288,3.9809061208680943
e850e12b-4214-353a-3bbe-aad41042acd5,"Griffith, Seth",LW,180,3.9792304607378686
3a3be5e0-324a-1af9-5d4c-39b304b8d17d,"Hebig, Cameron",C,194,3.974105164642394
2edb2923-a2c9-13d1-fa88-d6659c99b38e,"Malott, Jeff",LW,259,3.946058463968804
9b4ee081-3050-ae6e-ca41-47d034838030,"Dach, Colton",C,162,3.91560955072436
03e51f3c-cfff-9ae9-5b2f-cb7e72a786cd,"Kindopp, Bryce",RW,101,3.9068632343371057
5b0ef27c-6a26-8323-1b85-bf91f79d76d2,"Stephens, Mitchell",F,144,3.8921366452704924
f487f33a-87b9-43cd-d79f-02dac52c3dfe,"Meireles, Greg",RW,150,3.8842396632773157
54a93710-8748-9bc6-3c84-913918590be7,"Snively, Joe",LW,204,3.8382935612366063
4772aa22-208f-44a0-8e47-0029da368b48,"Kasper, Marco",C,247,3.8068599668599097
c49719c8-8490-01cc-e81b-91996b030e35,"Jenik, Jan",C,162,3.772913097816746
4b82112b-52bb-febc-3fbb-b51f3d1a7dd1,"Brind'Amour, Skyler",C,152,3.772097987020969
cea95974-dc8a-a373-919e-beb7ff91d488,"Murray, Brett",LW,166,3.7595632709720492
3081fce7-ed01-b163-8b6f-08e12202de8f,"Wright, Shane",C,175,3.7586817157590864
6702a3ca-377e-db75-149b-2621c1febba3,"Belzile, Alex",F,204,3.749114284164424
d1070fa3-193d-812d-061f-555825538779,"Poturalski, Andrew",F,200,3.744006945173621
de965666-84cc-36f5-8129-ad04ec59d185,"Heineman, Emil",LW,166,3.7435894092567517
3a10f482-4800-bee5-3045-86b128ec6420,"Rempe, Matthew",C,143,3.7227992387275903
f0eb7a58-4ead-3515-a883-490e844538f4,"Podkolzin, Vasily",RW,143,3.7075203652643487
936ad397-0a05-0d42-2c84-a8d14ddf2971,"Kozak, Tyson",C,106,3.7059751255924787
eeb81509-6a0d-5320-8d5a-2c1e58d83af5,"Lycksell, Olle",RW,184,3.6951735226592923
2622a685-e219-c5e7-e7f1-d413e86d75cc,"Pitlick, Rem",LW,161,3.6688702046986044
b8541c9c-40ff-8902-1a40-af7c2916bfaa,"Geertsen, Mason",LW,204,3.6587531673911178
af1d2155-8151-1411-7139-22b219311670,"Perreault, Jacob",RW,118,3.6353590235252264
05d1d579-7092-686f-82ea-789112b87f0f,"Steeves, Alex",C,209,3.6189724251309636
8928e094-1450-a2f0-bb6f-6fd697d469c4,"Terry, Chris",F,201,3.575927711794901
4e110e5d-1ce8-74cf-5df3-63609c738785,"Gaudette, Adam",RW,255,3.537013209353247
0f052c34-6cd2-f4fd-a861-d9051a8e86e4,"Angle, Tyler",F,109,3.5255941541678943
ac8def35-7690-efa6-0e76-cb51ada82cf5,"Koivula, Otto",C,132,3.5085347195837864
5ce2531f-d048-1233-61ba-2fc6398d8ec3,"Sgarbossa, Michael",C,130,3.505622991286564
9c74b325-0fa9-5486-dd3f-f6b577678042,"Pavel, Ondrej",F,173,3.4976727489272528
0fc2aec6-40be-303c-e3c0-f99a7402a6c5,"Barre-Boulet, Alex",C,67,3.465932930889825
8d839886-a557-ba77-cbae-bc2af117408e,"Teasdale, Joel",LW,233,3.4551055565679953
08c60c80-c4d5-92b9-4f37-459db0d51fe9,"Caulfield, Judd",RW,195,3.385637756793971
5801ee51-cb4c-15b8-3d9d-757bd846feae,"Tufte, Riley",F,231,3.3651957813684703
9365e946-bed1-6103-1e8a-2e9ba06d1dc2,"Winterton, Ryan",C,150,3.3629205677457232
fc27738e-0887-ed94-4db2-89b7229b368c,"Barron, Travis",LW,211,3.338175380886864
f3124fb4-5a13-5eb9-b17e-591923ba6356,"Morrison, Logan",F,185,3.3144086864643114
6082f959-421e-173b-b5e4-e1ffd5fc7d18,"Pelletier, Jakob",LW,74,3.2555854641015634
9b9236f2-e096-ef85-f4a8-1e2d657d99a2,"Legare, Nathan",RW,153,3.2530285433516353
47ec1584-2245-2836-a706-e0835ffee601,"Andersson, Lias",C,135,3.2406078590431053
34f46eb8-532d-889d-33f8-51b226bd083d,"Vecchione, Mike",F,174,3.2340092493686052
98e46ae5-eff9-0b8e-979e-9310c0f4d553,"Jonsson-Fjallby, Axel",RW,120,3.23289615027473
080a4b83-a144-5887-3f0e-084a2fbeb039,"Asselin, Samuel",F,148,3.196924375841006
2dc963e5-038d-5671-aa35-9c6e6edec835,"Brisson, Brendan",F,251,3.1943869271483774
1528eac5-8aa1-8745-fd3f-52cb7c35ab0d,"Seney, Brett",F,220,3.189189980658383
c50ee147-78c1-e97c-f042-2810c51adffc,"Shaw, Mason",LW,60,3.1575899118689295
561c6f7f-ceeb-36da-d6e4-f2586e2e8316,"Ostapchuk, Zack",C,246,3.1259688420792244
91ecbdb7-a405-57e1-23d6-910efcb6de2a,"Butler, Cameron",RW,169,3.1076925872359644
54c92034-9ece-4a76-ae9d-be434c2eef82,"Hain, Gavin",C,142,3.079112569802896
e2214881-b6b0-b1c9-6e83-a6b289c4f33f,"Primeau, Mason",F,125,3.0209317701669676
fd49836f-d5af-212e-d04d-32c44ef24a8e,"Sykora, Adam",F,183,3.0063367595431485
4447229a-e693-b7a3-6bbe-f464ae9917c4,"Pyyhtia, Mikael",LW,149,3.0017280516480547
d1a331a3-4e1a-510a-2fe8-8f36981fd3f4,"Turcotte, Alex",C,89,2.9942054824873487
83cfcd84-1391-c9fa-11b5-d3ec86ed5781,"Erne, Adam",LW,96,2.978091930584893
b2485777-a1f9-23e9-5c28-c99761cd10e2,"Grimaldi, Rocco",F,233,2.962945503141374
3fa9dd4a-efae-a4f4-e00c-d5885556b815,"Meyers, Ben",C,66,2.959296413651228
a23408ce-f1c0-03b6-d7ef-60da484f7212,"Nylander, Alexander",RW,97,2.948499467771711
0ce6b03a-1c53-674c-856d-df3b6dbfd50d,"O'Reilly, Cal",C,265,2.9293225716643017
40f7ce41-67aa-9b1e-4629-14ea33e8799f,"Cates, Jackson",F,197,2.909363091376708
ae3c26e4-6536-f078-6e78-8ca2db85def8,"Conacher, Cory",RW,172,2.877339137793271
a7b49f9f-e2f6-f3c2-9e38-58a8cafb36e2,"Afanasyev, Egor",LW,204,2.8718989015773957
a65308f1-5c3e-a5de-87e2-cead7d9f44a7,"Guenther, Dylan",RW,95,2.862355543493732
321ccb94-26f9-bf52-17cf-db4a8b4d324d,"McCartney, Ben",F,108,2.790904232321183
5c7cca9d-bfc2-3931-363d-daaebc4da409,"Willman, Maxwell",LW,158,2.759196523208022
bce6bdea-4c8a-8917-a11b-59ecf9c30b51,"Gardner, Rhett",F,148,2.7446885194177613
d1008d47-7d9a-b5ce-a5c4-11335e021805,"McKegg, Greg",F,182,2.7437666367161766
64897768-18c0-5c24-3bc4-1137682f7c4f,"Felhaber, Tye",LW,181,2.7393970604379927
9692be3e-1840-be44-346f-17fd56755724,"Henman, Luke",F,82,2.7268174611796963
663df049-a045-0561-16e3-1db633a0723e,"Aston-Reese, Zachary",C,165,2.7228315313276545
75fce25f-ab8f-4f02-2e5e-41faf5ad62ef,"Wouters, Chase",C,236,2.696471392963347
ab2f8c0e-cfd3-c0ac-74f5-8164c48764b2,"Hodgson, Hayden",RW,87,2.678275726247442
8cdcb61e-d733-bde6-a101-ef3140e48149,"L'Esperance, Joel",RW,219,2.6774429245338034
7f835c52-5af6-f4e1-eff4-ebe21be0a4bb,"Denisenko, Grigori",F,216,2.6737964717488225
acfdf636-4d25-0dad-fe9f-a31513941939,"Becker, Jack",F,104,2.6507876967124195
472ae96c-4b00-987d-520b-b7574439702c,"Carpenter, Ryan",C,33,2.580951824160654
1f96dae9-d63f-c6da-686b-351c8fc8c14c,"Day, Logan",D,212,2.568205654194092
9deea627-59bf-c37e-d041-5160edc3ac73,"Boqvist, Jesper",C,102,2.55600212611786
a855a24c-10d7-480c-5f02-f40cacd514f9,"Luff, Matt",RW,95,2.5496321223818983
16639321-8e4f-7071-4f1a-276266715f99,"Peca, Matthew",C,141,2.549367853863864
ad46103a-4d3e-9234-dee6-f970fd779e79,"Blidh, Anton",F,198,2.533893263751711
06813969-3aca-1417-ec01-0de8fb823a64,"Benson, Tyler",RW,166,2.5181527547282485
46121515-ed91-d0e4-56cf-d0aca14a8b5a,"Koepke, Cole",LW,121,2.4936543817267953
7e9f0d8e-e3cb-c9d9-5986-30ccc588774a,"McLaughlin, Blake",F,64,2.491034232016106
cf9158fc-30e9-680c-b9e5-b65717e1e000,"Czarnik, Austin",C,95,2.4903831377641197
23033c23-8f41-970b-8423-7c1eef91ab38,"Ratcliffe, Isaac",LW,211,2.487651635415717
912119f4-6991-e717-ea68-1137c057d277,"Vrana, Jakub",RW,104,2.4790714012955384
8287ec3b-6cc4-cfd8-ded5-d59e0b7b60de,"Pavlychev, Nikita",C,58,2.4782539820266503
30a82081-452f-1e14-177e-d25c40f895a3,"Beecher, John",C,64,2.4562092235846222
5ca139e0-c1ce-a588-4a40-483273d8754c,"Smith, Nathan",C,171,2.443545980638758
ff9b6097-e007-85c3-f8fb-f86935bcb875,"Pettersen, Mathias Emilio",LW,180,2.428702586264578
6c78afc0-6490-5b83-db5f-7f87839dc862,"Hoelscher, Mitchell",C,58,2.417906934994724
a2931977-2953-a366-84f6-402e39590fc9,"Melnick, Josh",C,178,2.389505395531682
629d5563-2754-3120-3402-3b116164482f,"Bellows, Kieffer",LW,148,2.3792632553932074
a6be81da-fbf0-100c-170a-9db635d86749,"Morelli, Mason",F,242,2.33336129954434
195db92d-b85c-e1c2-0f7e-6f1cb57dde82,"Hudon, Charles",F,176,2.31044559331902
9daae941-4f95-c94c-baf7-a520ad42785f,"Iskhakov, Ruslan",F,193,2.303277394091537
6e63d926-1cb1-c092-8a03-de277ae4bf98,"Priskie, Chase",D,257,2.275347871763835
b1e9d040-a917-bccd-657f-2da715dce2a5,"Madden, Tyler",F,223,2.269014795773519
969d3085-fa53-17ab-7c5f-74979791c28c,"Maltsev, Mikhail",F,84,2.24546929168728
15e46e6c-821c-e6ae-dc28-f161cd626ca5,"Brooks, Adam",C,101,2.2254240872437707
6d2cb984-e1e6-a715-26d2-93a528bb379b,"Bjork, Anders",LW,124,2.207991327541739
41c74b24-2875-6f45-d954-11ac6d6c410b,"Sutter, Brett",LW,136,2.1994847002398163
9fe3605d-f4f9-9c7f-e12d-760d6cc2d387,"Jost, Tyson",C,52,2.158403047412965
34f1d587-08e6-10f2-c48d-54fb50d3b881,"Firstov, Vladislav",F,30,2.1288012911302365
93dd4a43-8051-720f-47cc-fa4250b969ed,"Cederqvist, Filip",LW,158,2.1159940086629674
362b2b25-ce8a-9b00-6da7-0d1b8c2fe3d9,"Angello, Anthony",C,158,2.1018604037159134
89d6fd61-dc6a-4969-d01a-a672c177757f,"Hughes, Cameron",F,191,2.0552085743933586
5dfe0fd2-51d9-4615-89ff-9ee6a2db9028,"Houde, Samuel",C,25,2.0285726024382003
4eecd58b-a888-e165-9a1a-0d284825ae25,"Kulich, Jiri",C,160,2.0202616548895245
3d5bcc97-ee74-7ffb-a3c3-9bb7facf831f,"Kirkland, Justin",C,108,2.0184230319433554
1d2778e0-9709-3b32-491b-3b3f32c7bb09,"Gignac, Brandon",C,155,2.0084442043208672
829fe83b-5b79-50a7-0b5a-837f3db608d1,"Suzuki, Ryan",C,146,1.9906903075256834
022e15e8-84c5-2103-7225-91ae7102aaa0,"Lysell, Fabian",RW,158,1.9894029279664711
0ddb9eb2-2352-dab2-b22d-f0d30ee231ef,"Reedy, Scott",F,45,1.9722846528407394
5d88c997-487b-2fcb-c49f-64757c86548e,"Dries, Sheldon",C,221,1.9425072421306173
7356658c-38e1-ed2f-84ec-a3abbaceff57,"MacEachern, MacKenzie",LW,115,1.9118602636871973
bc22e636-a3aa-30c6-baab-dbd6d5403b03,"Lindblom, Oskar",LW,121,1.845117304470886
8b43652c-1ab8-e931-e045-ca9cd839d10b,"McCormick, Max",F,193,1.8183464133151708
73f11278-21e8-9bd9-f271-70e5cf8d41e7,"Kessy, Kale",LW,44,1.7791359262893767
c2820307-4226-fef5-3594-74ac709a6b6c,"Tomasino, Philip",RW,82,1.7552834261495154
db323125-e53d-b2b8-277f-f2c91384f549,"Bowlby, Henry",LW,13,1.7417889004961324
05673e68-1d9f-8728-7874-b41679600750,"Anderson, Joey",RW,38,1.7370739797982917
e18b4827-dcbd-4cb7-b666-8529df7441bc,"Polei, Evan",LW,65,1.7296468591743654
8e72a880-86a7-efa3-ddfd-a1127df16d89,"Bowers, Shane",RW,119,1.6993121101075825
ceba5090-f6e0-e944-7ceb-e629c8348684,"McLain, Mitch",F,178,1.6888618015538608
78821ac8-2fb6-cafd-71d8-bf5d718e6703,"Matteau, Stefan",LW,62,1.6806510616483967
579da99e-0b65-5601-e4eb-7bf837211c3f,"Morrison, Cameron",LW,92,1.6803718226084816
b18a382f-18a4-2fd8-10e5-fa3a3726fe0d,"Khaira, Jujhar",C,76,1.6789962403684695
e85322f9-3cab-0b5b-4435-ed9cd9ef008c,"Dzingel, Ryan",F,29,1.6568931257514228
00107e79-8a36-de05-69c7-86087051c558,"Lombardi, Amadeus",C,211,1.648184679716687
c5c3387a-6e3e-1ae9-824c-315974f6414e,"Berard, Brett",F,248,1.6433387369142882
c25ea63f-011d-ce60-d969-b7d83cf526b1,"Jones, Ben",C,226,1.6279541158039017
eae1ab79-80df-8541-6b6a-a86ae9097d08,"Slaggert, Graham",C,123,1.627271319598791
1ec06797-c8bc-e24a-19ff-cf29896403c7,"Studnicka, Jack",F,121,1.6081185657850825
938c52ed-067f-8299-e70a-998704932bfd,"Sanford, Zach",LW,120,1.5936001519924279
45a2c93b-c050-c12e-b8d2-9d002eef5804,"Zary, Connor",C,9,1.5882739979820477
62266127-46c0-5420-5d10-5a6068de1b5d,"Lockwood, Will",F,123,1.5601133704049284
0fb7c364-441d-653d-bab6-b5081b90ce08,"Peterson, Jacob",C,83,1.5538985169468078
7e3477b8-f45a-94a8-5f27-568c76857979,"Twarynski, Carsen",LW,70,1.53528679508173
fe72eceb-4367-8d2c-8559-ccfb83481eb2,"Kannok-Leipert, Alex",D,105,1.5340351325239405
ae1aa801-5655-af70-d031-019a9c091f86,"Puljujarvi, Jesse",RW,37,1.4739774558744676
e816e950-29af-f11a-16dc-9be28900788e,"Maillet, Philippe",C,162,1.4674164694779868
adce8fef-8cdf-c45c-6d59-68ef391c977a,"Kisakov, Alexander",F,58,1.4541351081524447
1fe967f3-4573-d760-8359-eb0d9acc3756,"Wall, Kevin",RW,175,1.441303418681463
ee6f66a2-297c-c175-476d-a4390ead7eb4,"Campbell, Alexander",LW,35,1.4207567771074912
4a3350c4-97e1-9963-9715-c358507e8b95,"White, Colin",C,33,1.4184317044454766
a3992b3e-5431-d578-46ae-c846ac78852b,"Hamblin, James",C,23,1.408181069812695
b8c6b250-84bc-2be1-fefe-d5c971f905cd,"Lettieri, Vinni",C,54,1.3740829501775036
4152b475-2bfd-8f22-09a7-f721c76d1a90,"Poulin, Samuel",C,71,1.361279138031176
c622c5d2-2a49-f3e5-6bf7-0e23fa29032e,"Crozier, Max",D,162,1.3518045731171136
fc4b5423-4463-8a2b-f319-30916f7c8928,"Olofsson, Fredrik",C,45,1.3509802650000902
e01e67b9-2150-d1a5-ad6e-0588b64a281c,"Lee, Andre",F,110,1.3414630606045412
c41b546c-c200-fe0d-b46c-fe319e2e42e6,"Rooney, Kevin",C,4,1.3185521778539766
6110cbf6-1606-3431-643c-78b0e035f5ff,"Gawdin, Glenn",F,229,1.3157216941164038
4e579c02-16bc-bac7-ced8-63eecf89a8b9,"Foote, Nolan",LW,18,1.3150905938535498
705342fb-5233-cb03-d7e0-2823602d0ca7,"Jenkins, Blade",F,32,1.298159592118091
dc5a9c10-c8d3-52bc-fd80-b7186f383b34,"McKown, Hunter",C,135,1.2976361792402027
e4245dd4-69d2-7fa5-6473-a4f26787eed9,"Jobst, Mason",C,190,1.2923894778531702
58ff86bf-e659-f9dc-3f5f-6a51741e47ab,"Zohorna, Radim",C,72,1.2913047985908073
425891d3-f7cd-c14c-6c9e-25c8e218baed,"Helleson, Drew",D,229,1.2755449601156261
c9f1b830-ca38-5bbd-4af7-d2fe66f07865,"Wagner, Chris",C,58,1.2559144868980576
7a213ae8-292c-bc7f-83dd-7b14bdcadde1,"Berggren, Jonatan",RW,149,1.2390999770717281
c8d33732-42a1-d13e-323a-6457dc42307a,"Richards, Justin",C,96,1.2240446129826525
f8513815-ad09-b742-fef8-9814f2313b80,"Steen, Oskar",RW,67,1.2157141506795566
a385df53-a241-ed83-c64f-34d4b4da77da,"Roy, Joshua",LW,93,1.1916703499096242
e1eda887-4254-92a8-6144-360df62f16c1,"Arseneau, Vincent",LW,114,1.1900351148296637
12845e0c-fc7d-d76a-f026-bb69d8aad07e,"De Leo, Chase",LW,167,1.1860858954738072
01956662-5748-f2aa-a4b7-3501fc7c09f8,"Kovalenko, Nikolai",F,17,1.1828895231569432
5e07be36-1384-d298-ee92-4894ea6da4da,"Francis, Ryan",F,37,1.1328832301302223
ebb72d23-6b12-208b-62ee-393071bdb363,"Schwindt, Cole",RW,191,1.1295822094676862
8f7c6f8d-3bdb-a0bb-1ec6-89d287eacff5,"Lambert, Brad",F,244,1.1212849352784582
a32b68b4-14dd-9705-fe8a-8ceca2df263c,"Armia, Joel",RW,13,1.1076599617672862
eea2f5b1-7f49-aeed-2bad-ceff85f41700,"Dumont, Gabriel",C,136,1.0988561499291682
aed2833c-1982-2c81-12d6-ce42690c132f,"Anderson-Dolan, Jaret",C,21,1.0852677957470753
dd036e87-28ae-a770-1287-111ca91925a2,"Hinostroza, Vinnie",C,126,1.068085046823945
68d2ade0-47ab-96bb-f22e-8f98b3aeb212,"Klimovich, Danila",RW,36,1.0667905897750842
cfb46079-cb96-b7c5-442e-26ea0e34e136,"Robertson, Nick",LW,17,1.0454909888086326
48d0d556-7f19-8d92-f6ff-b83120c8c32b,"Hofer, Ryan",RW,128,1.0453422749238444
beb04132-9c13-08d6-e1fb-01fa5272d50c,"Kiviranta, Joel",LW,23,1.0452569770065963
1586746e-cebb-583e-a668-5f66df384eb2,"Bryson, Jacob",D,39,1.0283410944612847
e25ac5dd-5c9f-292e-3d0d-98f423829cce,"Anisimov, Artem",C,59,0.9745907850820537
caea29a5-fbb3-0a09-a224-442a8a2efb50,"Rees, Jamieson",LW,115,0.9742366373541151
5f892ad5-e130-bc2e-c361-f6cfbd6bd692,"Malatesta, James",LW,132,0.931231671375437
ab173ecf-50c8-bf70-2a27-3f32cb95d28f,"Othmann, Brennan",F,188,0.9254901026322397
0f6b8de7-1366-c197-e438-c2cb772c1f3e,"Johnstone, Marc",RW,90,0.902289371714876
71eb162b-840b-6a04-acbb-8d076fc857d1,"Warren, Brendan",LW,49,0.8858111628192176
b9f1b352-9b5d-ada7-2fc9-1ce3ed96cfa1,"McPhee, Graham",LW,126,0.8837173943740564
1ba1e45d-14a5-3375-cbbe-45fc4ef4fe77,"Stevens, Nolan",C,161,0.8613979742837657
b90aa353-979c-854a-6f54-5a714d009b15,"Hall, Curtis",C,51,0.8308738000623875
2930b9a2-e32f-9bc1-bad9-327d514a020e,"Phillips, Matthew",RW,30,0.827637389320333
c2902aae-ee02-d58c-8569-fd701d9cd9de,"Bliss, Trenton",LW,11,0.7990273532440998
fd45525b-8660-6dbf-0ae5-1589daee800f,"McMann, Bobby",C,7,0.7986895109136092
0b85f915-4c74-a01b-ed14-6943a16bae21,"Romano, Anthony",F,23,0.7947849086298201
6aaec354-e7a5-0c0d-7584-6746ffd4aabb,"Foudy, Liam",F,80,0.7841995671872359
a89675de-e91c-1bde-8b0b-ba8780b2295c,"Brazeau, Justin",RW,136,0.7835078096543706
1e248371-8cd8-2ae1-7132-6212cfafbe89,"Holland, Peter",F,89,0.7633648766399409
356d4cb6-7726-b23f-7070-1e5eaf602524,"Saarela, Antti",LW,76,0.7623251729960671
f6797690-ed0a-2b75-0a01-496610012676,"Mutter, Navrin",LW,68,0.7599159715723648
2b27457e-ba5c-020f-4ac8-e29e3726f8fb,"Lukosevicius, Jarid",RW,41,0.7590113658631404
b1d28ddf-4bc2-2b56-a1c2-123e233a2f2f,"Loewen, Jermaine",LW,41,0.7365138488149637
ba6ccd17-6b01-8ed6-8af9-e37cd98df349,"Fagemo, Samuel",LW,127,0.7219246011160712
b3762305-438c-1b85-1c59-1a831d98849c,"Pekar, Matej",F,57,0.7209338014435764
fb7c222c-ebe7-4beb-3638-c0b60a15a0fd,"Chartier, Rourke",F,56,0.6957777145840561
2e4b21f4-9426-ca70-4bb7-b7107d5d3c93,"Groshev, Maxim",D,244,0.6637811140773677
0ac29755-f1de-15b2-904e-d17a9ed4fac8,"Fleury, Cale",D,240,0.6508184942376823
a2f8a1c4-75eb-63d8-4e1d-dbb361fdaeb0,"Foudy, Jean-Luc",RW,71,0.650228927617061
5d3ec04f-99d1-f8e7-920a-64e25e9453a6,"Lyle, Brady",D,209,0.6288429166360021
2766277d-aa8c-2da8-d328-62f1cbf03279,"Duehr, Walker",RW,5,0.6288325196406845
9698f020-7131-d04b-2552-c55a16afa91f,"Hodgson, Cody",C,51,0.6144034593426853
e88acb6b-d5da-6c45-42b6-b77998c3203f,"Rousek, Lukas",RW,116,0.6141881983892253
3cfc8139-e81a-8949-e3fc-0a6728b63ab3,"Washkurak, Keean",LW,177,0.6075333432410865
979ce1d2-e256-0268-4655-770bc7ebb936,"Andrusiak, Zack",LW,12,0.5620499827549175
eaab14dd-8505-cdf5-3f38-9f935e6969f3,"Nemec, Simon",D,49,0.5552696796006719
add71ad9-21c0-6eb3-ed18-205596e41672,"Puustinen, Valtteri",RW,73,0.5515118455818844
c2ac142e-72a6-58c2-9f0a-acc2ae622a90,"Agozzino, Andrew",C,239,0.5497548701327329
5a5d0830-e103-4d21-f233-e649aa2cb119,"Kesselring, Mike",D,31,0.5484071467696832
ad2dce89-80cd-8d6b-b384-e114ceaafcf6,"Bystedt, Filip",F,22,0.5216217811756068
11147770-b835-0375-d510-285823af4af9,"Beaucage, Alex",RW,116,0.4954295177410125
25e6444a-1fbe-66b1-5e10-17b5f0f84f9e,"Brown, Christopher",RW,3,0.4894448039235598
87bdf491-4306-7ed7-527a-34835f166483,"Savoie, Matthew",C,10,0.4773023784987585
be8e81a6-ec2f-39eb-ef48-6264cf6f5d01,"Harkins, Jansen",C,34,0.4760503399065894
c904de64-762a-0721-4c8f-90dfc7fbf289,"Lucchini, Jake",C,152,0.467609571518312
a5b7b24c-17f7-9ece-93d4-237da071f7e2,"Alexandrov, Nikita",C,19,0.4426623691182502
b9289963-36ff-72f3-2e0f-5d1c271974dc,"Gruden, Jonathan",C,134,0.42570432087361454
f9495ec1-9ceb-683b-3649-a79f99f3622d,"Perlini, Brendan",RW,139,0.42223875385950305
1ab2133d-766e-f84d-6493-58a2f096104c,"Fizer, Tarun",RW,91,0.41022411176718404
e1386a3b-c1fb-9641-bb06-7ba06bb4d88c,"Caggiula, Drake",LW,115,0.40941012925758635
00afeab4-d457-7723-e196-9e398fbc4498,"Bailey, Justin",F,77,0.4055384273327885
da1e315e-d850-b54c-fd20-780097393ec1,"McKinnon, Ian",F,18,0.40334290935727
64083c40-bb18-2a17-5457-8c34987b282d,"Roelens, Milo",C,9,0.40105685741966257
2685e5a3-f4c9-55da-5687-4afbf692ce02,"Bell, Parker",LW,15,0.3916234620181702
fcb7255e-3c02-bfc0-3a73-ca1b90953aca,"Anhorn, Dylan",D,12,0.3896012706651325
c8024fec-51b4-5225-e66f-bd6ebed34b9b,"Wiebe, Jaxsen",RW,69,0.3844070405949842
901235fc-1283-6bef-78e7-d9ba49b910c5,"Benoit, Simon",D,6,0.35001098613197923
fb734863-ed94-8167-1f2c-039c70f6fed7,"Heinola, Ville",D,190,0.3238859647643469
11fbe5d4-66ec-34ba-9657-09704f893154,"Toninato, Dominic",C,122,0.3121975279661672
3234f05b-aafa-95e9-07e3-c23dea148f88,"Joseph, Pierre-Olivier",D,10,0.3098772253297913
c9830dad-b858-24e2-28af-9755c724d0c9,"Seminoff, Matthew",F,189,0.30855805838755934
c189c220-2085-6731-4cab-1c94102e687e,"Aman, Nils",C,39,0.30152687940744366
13e8d6e9-7d96-84c1-9669-e6f47764f9e3,"Addamo, Justin",C,50,0.29767923945139174
0ba44677-53d6-ffe2-d72d-d96bceaba661,"Kubicek, Simon",D,12,0.2928907539555403
20e6209d-373a-ce4a-1c9c-0a40ea6ef7ff,"Katchouk, Boris",LW,9,0.28681748202607493
7ff9ba0c-7a28-4512-c9e5-a10afc5bbd83,"Bellerive, Jordy",RW,151,0.27037130221157535
f6ab9da2-4084-7236-c988-3ab4e0f7db49,"Johnson, Kent",C,25,0.2648698210585503
42be5bc9-7952-affb-ce16-442e16f141e2,"Keeper, Brady",D,43,0.25609975495378967
8323c731-fc92-99db-5509-b7c1ef5fc83d,"Nadeau, Olivier",RW,3,0.24985508905752846
8dfc4cd9-4bed-d27e-f82a-aac7483571b8,"Stankoven, Logan",C,148,0.24942599086235814
be354b10-f08f-a5cc-f750-17e7354be6d4,"Pitlick, Tyler",F,54,0.24202555619219454
cb92f717-6ee3-40c7-6ac2-daeb4eb54954,"Bains, Arshdeep",LW,224,0.22244262724528957
ca8cc0d1-c1a3-322e-5d98-ffa66cded990,"McIlrath, Dylan",D,188,0.22081174947108162
b4ed4c55-1ff5-c6da-3d59-02be349c18a3,"Frasca, Jordan",LW,4,0.21818501101632595
5833dbf2-d4d6-e001-2cd5-74d2a3bac7c2,"Boucher, Matthew",LW,34,0.2126260557001689
c7b3f922-86b9-8842-3b94-49930e85939c,"Chiasson, Jake",RW,6,0.20298446127191724
c1474ad5-07a3-1a49-8e6a-f6d82239ff1b,"Element, Shawn",F,175,0.19315181787345864
66a11c0f-780c-56c8-87dc-609a264302d6,"Skarek, Jakub",G,1,0.1883923412585882
3e10ec46-6aa6-2444-d4b2-c9c1fde3004e,"Hayes, Avery",RW,87,0.1801826595913306
9e9f0d39-c731-c9ca-363a-b83c1659dcc9,"Lagesson, William",D,5,0.17738221589569475
9f82eb7d-8cd0-8a8d-3c54-a095374fe9f9,"Lucius, Chaz",C,27,0.1662335478430247
75af17b8-2f42-25a1-947f-299ac164603e,"Hillis, Cam",RW,5,0.16598043083438707
93be18e6-1e64-51e4-e3ee-d151608ef10b,"MacArthur, Bennett",LW,14,0.16541336520781139
2d245fb8-c111-e6a6-8260-585cd803ac26,"Howarth, Kale",LW,18,0.1595822458512409
d85ec4b9-edd3-0949-8aa2-d27637d19918,"Crookshank, Angus",LW,143,0.157090506116522
0db6b956-4b7f-d666-f861-49683999fe78,"Guy, Brayden",F,2,0.15519960275305794
7336b864-27d6-7481-edab-db81bedbee4a,"Jardine, Sam",D,23,0.14726036699080053
bba30af5-560c-b50d-0be3-319e7be45c4d,"Nash, Riley",F,149,0.14355420079541795
f5bee3f3-4729-b54f-daac-180b56d418a0,"Stinil, Michal",LW,3,0.14242026280164619
c3f5f9be-82e8-0347-a5ce-bbb337ec7a48,"Driedger, Chris",G,2,0.12691154674468555
967b2a1b-5b32-53aa-97e0-344f226f85dc,"Smejkal, Jiri",F,142,0.12184007316948717
17bf6332-f9af-d4f3-c60a-ed7cd976f2cc,"Bayreuther, Gavin",D,66,0.12101436375478324
5051b123-581a-7b4e-d99e-a179a9cccd3b,"Kudla, Patrick",D,15,0.11830732767968075
5a40e653-1a15-af35-2d79-a3dbaba4a3d8,"Levi, Devon",G,1,0.11441025026397912
9529adbf-24fa-a62b-bfdc-a3f80f06ab78,"Wallstedt, Jesper",G,2,0.10965382103297643
b4bdcf7d-af7f-59d1-384b-4f207395ee19,"Brink, Bobby",RW,13,0.10669405764139969
ceb3ffdc-2d60-534b-ff06-be2066c3cf70,"Sandelin, Ryan",F,129,0.09657542529292054
fe50cf98-a6c5-0980-85f5-fe90182dd9b9,"Hamaliuk, Dillon",LW,6,0.09461989362254165
de114939-737c-f391-7947-47c586643c10,"Villeneuve-Houle, Donavan",F,6,0.08879072925030707
4b99d7b8-d6b5-992f-cfee-3024717ea00e,"Polin, Jason",F,95,0.08836789857816163
b5481001-4f1e-846a-ba32-45495dd123eb,"Golder, Carson",RW,52,0.08590141467413219
eb345c6c-ab0e-fdca-aea2-9503bc579991,"McKenna, Jeremy",RW,38,0.08530149506924715
7d668396-9a80-257b-e522-9587e8d1015a,"Friedmann, T.J.",F,23,0.08522140527747202
b5612f31-b1a0-8934-f8b5-5f980f2cb2a0,"Luneau, Tristan",D,29,0.08475176549388524
d57fe9fb-f45c-e861-62bd-a3d74d93e154,"Hillebrand, Chad",F,6,0.08192421266819516
07c2785b-63b9-db1a-555f-b3ac81345d3f,"Pietila, Logan",RW,3,0.07965023744703023
380906c9-b5f1-8231-a3e0-e9bae3c9b899,"Voronkov, Dmitri",LW,5,0.07796805065491566
e51b20db-ecd3-089c-83db-53cc58eb73db,"Cataford, Mathieu",RW,23,0.07384691372159086
a0de9f22-44da-3274-37de-11b5b6d222d6,"Luce, Griffin",D,39,0.07159547980921188
4d495b06-e706-89e3-59ae-b670e6ace70f,"Koch, Davis",F,19,0.06886777011288424
86529d64-2b71-c8e4-35be-a73734750cc2,"Halverson, Brandon",G,2,0.06723538435000502
35a0035c-20e4-aa72-6d80-3910349c04b0,"Reichel, Lukas",LW,9,0.0671545411624378
fb8b7824-cce7-967c-b477-848f6d0535cd,"Knight, Spencer",G,2,0.066738149658224
6e9ff9d1-cabb-e3bd-a1a2-2579edc26bd6,"Duke, Dylan",LW,16,0.06337288682811155
9f84fbe2-cd0a-9663-0184-4398a58d7d29,"Quinney, Gage",F,173,0.06306809901342857
d08159e8-335c-017c-ec2d-22575807193d,"Okhotyuk, Nikita",D,45,0.061361289571484345
8ecb4331-0678-906c-778b-1ab1af58bae3,"Grainger, Luke",F,11,0.060064390181025995
05b95071-fc69-bd44-2833-e883e840dcf9,"Fasching, Hudson",RW,14,0.05785961215751176
392760f4-597a-e47c-633f-1b9d29568423,"Leschyshyn, Jake",C,176,0.05740491043019007
8db09dda-0ac0-252d-5cca-f2178f63ee43,"Thompson, Tyce",F,184,0.0571146001477031
eb83ef82-3ad4-8464-b716-671f53e373c8,"Newkirk, Reece",F,34,0.052301571710750214
3b937317-88d9-8fb2-ebd2-268555930325,"Tychonick, Jonny",D,7,0.049580750631774875
acf8c23c-8473-312b-f8e1-790b7f209c6b,"Stalock, Alex",G,5,0.04289846839754152
87bd2512-ca41-d650-0517-297bbfc26a41,"Philp, Luke",C,63,0.03876266554881501
b01afbd7-6ec9-96e1-f267-7cc7dee4dea0,"Bemstrom, Emil",RW,24,0.03523026985239089
1f7d541e-c817-b5ca-47db-11dc426dc74f,"Fleury, Haydn",D,6,0.033187987536091826
77a3c50b-31ff-8311-b5bd-79aa901df22c,"Farrell, Sean",F,134,0.032478211409872344
dcb83f8b-507d-3e09-575d-c70202edce3d,"Nyman, Jani",RW,1,0.031127104655890882
f3f56298-88cb-fe2b-48b6-23b863499c12,"Swetlikoff, Alex",F,28,0.028578859834952813
b8906cf1-9e34-5011-6bc4-1b7f5edaf259,"Raska, Adam",F,130,0.027477754395474674
a24697c5-99b0-9cba-212d-ba38aeca8a0a,"Makiniemi, Eetu",G,2,0.025188879133880557
6b0f2df7-0388-ee09-48c1-f95dbaef41b2,"Prapavessis, Michael",D,16,0.025185089710210662
f689ab68-ff09-c472-b41e-9fe5260553a8,"Imama, Bokondji",LW,149,0.020411674209112607
f8f0ab6b-c477-8ca9-012b-e1ad59382d40,"Clang, Calle",G,3,0.017332505917266955
d163f9d0-a5ca-a57a-ab12-4e96fc510ae2,"Rathbone, Jack",D,191,0.013010744713408573
1b8bd0ac-fac4-d900-2d3e-411db1939181,"Massie, Jake",D,70,0.012915028628362607
c24ef5ed-38e3-222e-35fc-4aaaaefbb56e,"Fiddler-Schultz, Riley",C,4,0.01272550717715698
07c7205f-b4bc-d542-bbf1-6d64f9ad841b,"Coe, Brandon",F,162,0.012203650878894759
f7107d0e-ef1a-26eb-a93d-bb7de5f12ca1,"Klee, Mason",D,36,0.011218879216818925
65487019-1991-79e8-c505-981beb0636d0,"Ohgren, Liam",LW,15,0.007050975771805662
94f219b6-0ac1-9b23-69b8-1b954af026c9,"Zlodeyev, Dmitri",F,40,0.005719934905832023
559157e4-708e-ddcd-71ea-cc5de91a6e20,"Lambert, Jimmy",F,15,-0.004759261877148542
ed09ce67-db31-3984-218e-3dc1a7b3d341,"Finnie, Emmitt",C,4,-0.007316465735273819
f4273f89-7803-88f9-bdc0-01625b90fc63,"Holmberg, Pontus",RW,29,-0.010705213609030984
2681206b-2285-7d67-cd87-b48f1c66bcdd,"Jordan, Zach",RW,51,-0.01126870495162888
2be8b8fb-13ac-21c5-6fb3-c99a1d7933e1,"Silye, David",C,7,-0.012242415482920085
6dbd5237-3b4c-0d3d-864b-318fd0e138ea,"Arcuri, Francesco",F,5,-0.01550213506577975
6eb43e9b-bd2f-9c8c-d063-d60cbb31c2a4,"Gurianov, Denis",F,58,-0.017447575774070495
1da47f43-7819-0b12-6759-4d9cbe68416c,"Stewart, Dean",D,184,-0.02028420151797089
780faed0-029f-8cfb-8608-c663d88e340e,"Keating, Austen",F,2,-0.025907781128132842
e1cd373a-d602-eb20-f705-896399805d5c,"Cruikshank, Grant",C,37,-0.028366643882565885
c7b3eac9-cfa1-4c43-8703-af46ffd33a88,"Kopperud, Matt",F,15,-0.028566595427903997
25035df3-d4b1-9ae9-d107-8dba88f1f910,"Centazzo, Orrin",F,8,-0.03319923733632692
271dca69-2de8-b4ca-c6c3-75a8e51c2847,"Campbell, Jack",G,1,-0.03329850844288162
25edc2cd-a4cd-7b5f-a423-9223a4e54ee6,"Martin, Max",D,1,-0.03797179919700341
f33adef0-1ae0-5b1e-f8ff-861bfa39cf09,"Millar, Jack",D,8,-0.039972126212249284
dbbdc24c-c552-313f-e267-b9973b81b798,"Hanelt, Haakon Frederik",C,5,-0.04107372540682115
c441fd8f-8d2e-64c0-33cb-cb6cb59ab4a5,"Alnefelt, Hugo",G,1,-0.04130064457631943
9b6f3c1f-f63c-10d0-fd19-dc31c4ccd0c4,"Savoie, Nicolas",D,2,-0.041575856465163936
6d7f0c8e-84c3-c813-d750-0b8e958ec7f6,"Cooley, Devin",G,1,-0.04201018301280645
d29ba519-c5d9-1220-eda7-e0ec41379e99,"Nikolayev, Ilya",F,91,-0.04380884783551425
6089c6ca-cc4b-7dfe-6bb0-cf9bbd6ffdb7,"Nause, Evan",D,22,-0.045241257320932045
ef9fd39c-8b23-a1e2-d9a6-7170cea4e781,"Murray, Matthew",G,1,-0.04681416628856298
87926b9c-8a1b-522a-bbb9-6f749edb9ddc,"Zherenko, Vadim",G,1,-0.04844796743493476
8985c294-6b57-cd3c-87a9-04857d4edb9f,"DiPietro, Michael",G,1,-0.05417213990485354
f238b29a-5e55-3d84-643f-638f06a70428,"Hirano, Yushiroh",RW,15,-0.05489611755727518
bcd88228-d322-91a4-38aa-2ac368186ee3,"Holloway, Dylan",LW,77,-0.05548699658153483
955ac493-b2da-90e2-f2bf-a8fca4fd9ad2,"Appleby, Kenneth",G,1,-0.05580034556544138
2bec3022-ce25-5cb9-9996-4796faed73a3,"Harris, Brendan",C,3,-0.05700901668136823
ad3f6ecc-6cce-88b5-012a-732412097d60,"Mandolese, Kevin",G,1,-0.05766870374069787
db741d88-69a4-6aea-4b27-9261563f0f79,"Anderson, Matt",D,11,-0.062432433053349945
f2811315-a63a-c5b6-95d0-80e2cb18975e,"Pospisil, Martin",C,7,-0.06310646450034188
0216a2f3-905b-a0cc-78d2-1ace22850834,"Richard, Anthony",LW,178,-0.06715444762788023
da82b24f-bc29-a65e-c9b3-ea64ddd44b84,"Lajoie, Marc",D,1,-0.0702494690826235
5477a0c2-7212-ac90-c7a3-25a14886d6c7,"Wells, Dylan",G,1,-0.07052596374319063
64fdd893-333d-dc28-174f-720a4ec9e747,"Joyaux, Michael",D,29,-0.07209450948752016
c2f73f7c-42c7-ad72-c69d-4a7691585ef9,"Ghantous, Andre",F,10,-0.07284760844082978
3ab76805-5e56-a960-0295-c331ce09ab46,"Duarte, Mark",RW,29,-0.07308133995564212
61cf0567-90c5-3e07-99d9-8b08b22c623d,"Walford, Scott",D,4,-0.07326164197195939
ad4e566e-ebf0-b4b9-7af8-34f7acb86733,"Wendt, Dylan",F,3,-0.07515123705311266
b770efaf-d9ec-59df-5158-062712cdcc46,"Lipinski, Jaden",C,9,-0.07649077218481301
3d51cf58-a965-64fe-156c-8c3d1783c70e,"Cosgrove, Trevor",D,23,-0.0781972021241395
442fd324-024d-8099-7824-c736b327f12a,"Liwiski, Mark",F,24,-0.07979468347568516
8b9b4b63-03ae-91fb-4bc5-905211a4f5af,"Johnson, Isaac",RW,27,-0.08031962039115755
9c3292d5-92cc-3760-dada-631102753a82,"Poganski, Austin",RW,163,-0.0810369880495707
18889642-8c65-e4c1-15c4-02adaa622df8,"Sredl, Matthew",D,9,-0.08764701580117504
8daf4deb-9b23-846c-ca70-4b49f9ad7658,"Stauber, Jaxson",G,2,-0.08981183207091767
df15162d-f558-02cf-08ae-c4c04c26bdeb,"Siedem, Ryan",D,4,-0.1007897858431023
ee5122aa-cce5-d4fe-9403-b87023179682,"Pivonka, Jacob",F,18,-0.10098314034309253
c9675f23-4447-723a-41d7-6a597d159135,"Vierling, Evan",LW,14,-0.10284870321992617
5193e419-63d9-1421-640b-06417842d3e2,"Mancini, Victor",D,24,-0.1032260427901257
940dbcfa-42b7-e119-0ff4-9e356a035c78,"Yaremko, Nolan",LW,28,-0.1042358770546989
c0f63831-ec80-7bc5-3386-a1199727d0e9,"Gabriele, Grant",D,4,-0.10551605391610658
07e10855-6888-fe97-d142-f57c15ceec83,"Behrens, Sean",D,11,-0.10589857980613832
a4d621c2-4b44-71de-6e05-041df13f2858,"Lucas, Andrew",D,15,-0.10724919918424944
aa4ca3d2-95a5-0428-48dc-5a00550fa004,"Peart, Jack",D,16,-0.11090617554365856
faf5e9e0-21ec-2d97-a6f5-98596729e066,"Krys, Luke",D,28,-0.11163993548989183
c77189cc-50db-cad7-69d6-6a718f1b493b,"Schmid, Akira",G,2,-0.11282322887526691
a1c96f84-a9a7-2be7-224a-660944dc9cd8,"Fairbrother, Gianni",D,3,-0.11799540708577395
bf699764-7961-9215-2a75-a84ddf2f7803,"Morin, Etienne",D,7,-0.12881611771674167
1a578a0e-d421-77f2-0460-a4d3b788f394,"Vitelli, Reece",RW,6,-0.1308574841905144
fbcf5c7b-e2f6-d4dc-e865-f537963946fc,"Melanson, Jacob",F,151,-0.13197886371849477
228bd0e6-be73-2587-815f-58604f3e4064,"Roed, Lleyton",F,2,-0.13209065394630043
e9ef1506-4a97-1586-e7b4-a1dfbec02e4e,"Fix-Wolansky, Trey",RW,111,-0.13240246057102956
e819a25f-f0e3-332d-746e-9ea41cecac2e,"Jefferies, Alex",F,30,-0.1355287965264516
7bd41f47-977c-f59a-6d06-bd903916984f,"Portillo, Erik",G,1,-0.1385785107191727
e2d76c46-1d92-a105-9328-860a88d1d024,"Rowe, Luke",D,16,-0.13925048438905546
3350ec9e-cddb-bd52-0e9e-f6d34c9ea337,"Osipov, Dmitry",D,53,-0.14101783542966487
fb552805-85bd-8c07-47c1-c5d02c994def,"Honzek, Samuel",LW,15,-0.1459258030107375
dc9f0cfa-c199-04a2-6250-6e0930eecb0d,"Kerins, Rory",C,192,-0.16038443361928004
82b3d9a5-d885-129a-d048-8a61788abdb8,"Pastujov, Sasha",LW,121,-0.1610900625893693
b84fa23d-3bf5-07b9-9296-796ac19e0ea0,"Tolopilo, Nikita",G,1,-0.17002927759483175
9120172d-54de-9906-e916-1e5ce36bfcc8,"Hryckowian, Justin",C,15,-0.17104549599434213
bc6177f1-4c3d-37fa-47dd-452cfcc446d1,"Merkulov, Georgi",LW,186,-0.17587191233946523
3c4412a3-e599-a8ef-c9ac-445495c3da36,"Bertuzzi, Tag",F,24,-0.17975102154180458
5691d980-cf94-5eb5-3024-74ce238b04b9,"Prosvetov, Ivan",G,3,-0.18065695298554166
afb0b0bb-bf63-52dc-2656-6bd1c99d80c8,"Quillan, Jacob",C,10,-0.1821837837136107
8d917b0c-c645-4b0b-0007-8d9684345c63,"Svejkovsky, Lukas",RW,49,-0.18715248949437607
f7257354-dd2d-1be6-154e-d16209af0eed,"Bjorgvik Holm, Ole Julian",D,11,-0.19084527345709168
ebe4714b-a994-8466-487a-f68dd624f182,"Halliday, Stephen",C,34,-0.1910793225107156
f0a39117-161e-e264-da18-15b3778333b8,"Kile, Alex",LW,3,-0.19608953682684396
8d434c78-29c6-c070-25df-62d63555ae45,"Parker-Jones, John",F,6,-0.19612148711538843
c56cc222-6863-5331-3f3b-fdf23e0e6a8b,"Bernard, Xavier",D,7,-0.198508094815309
79bc71d8-67c6-ad0c-a7ff-56571d3a5536,"Dornbach, Casey",C,32,-0.20449738601872477
b4551979-e2e9-bc50-39f9-d5b69609f382,"Poirier, Remi",G,6,-0.20465276698847457
030cb72b-9d23-dd23-8b2e-6ceac608d8cf,"Barlow, Colby",LW,20,-0.20651526526528374
dbbae946-8f04-1674-1477-e384d02e344c,"Laaouan, Noah",D,5,-0.20680335450342546
be222f66-bfbb-c80f-bc43-681942116c84,"Gaudet, Marc-Andre",D,9,-0.21096366319500812
506ed90c-046c-1355-5f4b-198a95c3b689,"Howe, Travis",RW,61,-0.21567158901663475
e6793d76-c12a-24b3-375e-eaca9cd7dfc9,"Pinard, Simon",F,33,-0.2209294912194886
8435853c-7f48-63ac-af7e-286d5f753405,"Gagnier, Ryan",C,14,-0.2213298517379286
4eb9e287-fce7-9896-ad30-2a27222178b6,"Delia, Collin",G,2,-0.22249939517261513
5c209ad9-22ed-7ea6-5c6e-717a22fc1d02,"Hildeby, Dennis",G,2,-0.22276829003812207
1350956a-3151-b7dd-2fc5-eb1606b1c265,"Caron, Thomas",RW,18,-0.22526810428976313
d89d0b83-74d0-635a-3d52-c1d5760f33f2,"Sawchuk, Riley",F,40,-0.22777465912335282
cb8a6b8b-c5a6-4bfe-10b7-15c784b83a7d,"Bjork, Marcus",D,159,-0.2297129665858025
ed06b4df-81cc-bd14-ec2b-ef3c36cd7ba1,"MacDougall, Ross",D,11,-0.23145420623924334
d0b6a7c5-c21c-dbf4-60e0-23ea4b89c458,"Hutchinson, Michael",G,1,-0.2316829340561293
a8710019-ad52-0061-c08f-181079c2ff0e,"Johannes, Hunter",LW,22,-0.2344195487159708
0bd61d8a-c664-b1f0-5ec3-6ecf708679d7,"Vanroboys, Lucas",F,10,-0.2353740121312583
5c67bc38-5487-75fa-57e0-2d6811c164b6,"Galipeau, Olivier",D,200,-0.24073620402491291
8c885fad-a1cf-d44e-ff3c-1975721abdbc,"DeSimone, Nick",D,17,-0.24119555508369558
b4a5f3d7-6dcc-ddb1-2e99-6d4e41755f66,"Colangelo, Sam",RW,19,-0.24708894288777397
e5ed606b-7c57-ce3e-d45b-80682aa56dbc,"Fitzgerald, Ryan",LW,20,-0.24871226854258752
3eeda310-2862-cf00-4bdd-f838b352e0eb,"Blomqvist, Joel",G,1,-0.24928535304180288
d2958a70-f21e-b550-6791-91289dab5521,"Kupari, Rasmus",C,2,-0.25108727363508315
f6f7de10-882f-8def-cca2-93b0af174148,"Barbashev, Maxim",LW,7,-0.2571489402942616
8a45d469-457d-fbfb-73d4-7317b34f0969,"Ludwinski, Paul",F,16,-0.25820244821763433
70165726-e983-7685-d992-2fc41bce2ee1,"Empey, Tyson",LW,9,-0.258767947030614
6b122583-dd65-ac45-1516-8d861b35db24,"Bjornfot, Tobias",D,26,-0.2607859002840602
bf0b96e6-a68b-21c7-b976-174d731f8537,"Jandric, Chris",D,21,-0.26081604585849194
7ec37cf1-8c7b-2297-4f37-342ce98affbc,"Crnkovic, Kyle",LW,16,-0.2650193861446943
5aab5c38-b9ad-5df5-052f-3db3545f7377,"Sogaard, Mads",G,1,-0.26676383388010805
eb2b5a29-1de3-7a50-19d7-044c4c5234be,"O'Neil, Kevin",RW,19,-0.267958478424693
a721ffb8-c950-cbad-54e6-41a7ae177acd,"Annunen, Justus",G,1,-0.2680405960839983
989f4746-b590-d94f-f22b-4b4a7dd354b6,"Subban, Malcolm",G,1,-0.26884102216914757
3b5ef339-2b52-54ae-e4df-883f892a0f9c,"Novak, Pavel",F,37,-0.2690303732047961
68d0b4fa-17ee-2870-f7f8-98925d440f04,"Ritchie, Ethan",D,20,-0.27362885270658815
b8a3ba2c-d581-c3c6-e6ca-154f5e8ed1f3,"Frank, Ethen",C,168,-0.27728890379522725
18c5295c-17f0-185e-9344-be3f0f3b9f01,"Berard, Ben",LW,102,-0.278806492155523
11ba5a20-42e0-27f3-919f-cbda683b336a,"Lekkerimaki, Jonathan",RW,19,-0.27903238967568256
27588d0d-69a7-2290-9289-ec66dce9bd74,"Miromanov, Daniil",D,27,-0.2802672882192816
fb268d9a-085f-1487-8266-3acbb791df3c,"Supryka, Cameron",D,8,-0.2827840916422922
31f60af0-5dc6-24bd-e941-fb3360698058,"Dansk, Oscar",G,1,-0.2854255255463187
43529398-5d9b-dfbf-5964-8da03136e8e4,"Steeves, Ben",F,23,-0.2854505462070001
67b8ed43-a1e4-2118-c376-832d94f2e5ed,"Voyer, Alex-Olivier",RW,13,-0.2861875183902287
17af6c01-b47e-4acb-44dc-f815ede48e53,"Tomkins, Matt",G,1,-0.28768056804093745
675635e1-14fe-6bdd-0302-1323e92737eb,"Guttman, Cole",C,100,-0.29003186449970886
f13415c9-1d31-76ff-1bce-ea9575ecfc1d,"Hamara, Tomas",D,5,-0.2908652092571409
1e181fe0-11d2-8b93-dfcb-0b3b08076a1f,"Swoyer, Colin",D,13,-0.29347524647458606
107581db-e2c4-00ff-7acb-1e80b33f9e6f,"Walker, Nolan",C,12,-0.29433923563951014
4172a840-79da-c7b8-aae1-25744b0352d2,"Walker, Daniel",LW,13,-0.29606759913913544
0725a387-2958-6d8a-f640-b08ff23a6fdf,"Dureau, Jaydon",LW,6,-0.2968806023951918
7452e8fa-cbfa-be32-5642-66891c4a6d8e,"Holm, Arvid",G,1,-0.2976820147343644
2b6fc981-185e-a9b2-ba8c-149db137f2cb,"Nychuk, Chad",D,47,-0.3003418305464001
3dd072f0-2468-39e2-3d9e-a12975b519db,"Reilly, Will",D,10,-0.3008716566300312
44b58db2-605e-28c4-b1e3-33687e276bd1,"Ostlund, Noah",C,13,-0.3041103683872654
23822c5b-b1b1-7513-593a-b49f2969a0ec,"Panwar, Sahil",LW,14,-0.3063818031097339
7a664087-eddf-4b90-4d5d-41dbb151787b,"Petersen, Cal",G,2,-0.3077806984904127
0131498e-6f12-f0f1-258e-5342af404745,"Morton, Sam",C,62,-0.31037738052940356
2010c6f4-efe7-aef5-4f06-d4d161d98298,"MacEachern, Connor",C,11,-0.31094294984789494
6c770e87-d5d7-763f-0cca-765dbe76e8ef,"Brodzinski, Jonny",C,39,-0.31310809357293623
1ec833b2-3651-589a-d9ec-d4709b0e02e8,"Fleming, Joe",F,13,-0.31352388582929575
1f3f339a-0636-6df3-54ca-c39983b31d52,"De Jong, Ethan",RW,31,-0.3141906901813793
215a194a-b8e9-1d59-61df-608bca39f7fa,"Carroll, Noah",D,9,-0.3143225610935958
947511da-26e3-7172-699d-971b808818b7,"Vaisanen, Kalle",F,12,-0.3153503582132766
d9b8d789-ddd9-9c7c-e52b-575b33e910f8,"Jelsma, Beau",C,14,-0.3169871819963811
9181b9d1-bae5-6b3c-175c-b7ef31b1ee77,"Ellis, Colten",G,1,-0.3211771162033361
7e62a48c-1ade-1ad5-7da1-73f6551e4516,"Stevenson, Clay",G,3,-0.32793498398306353
22faa189-5dea-eb18-37e3-b362e5909e09,"Hanzel, Jeremy",D,18,-0.3329553670444346
fcc211ea-3d12-1067-28c0-3465b4cb586d,"Hajek, Libor",D,31,-0.3380758676216558
393edf9b-c8b4-b93c-4a23-c0b2ed585c9d,"Thompson, Keaton",D,59,-0.33986984209998994
b12e14c3-38a1-6474-171c-2d44328d98f7,"Brown, Matt",F,31,-0.33995894258589243
d94c9d25-f8d3-d296-b8c1-46eef53a2f9c,"Levis, Connor",RW,20,-0.3519471413496442
93105492-11e3-ae78-6deb-24612004f134,"Crone, Hank",LW,13,-0.3523819862803115
774bd9d6-51d4-5596-d6da-a8a7cbdece73,"Passolt, Josh",LW,35,-0.36210712099404707
cb681adf-c005-f9ab-1da3-15257b4f1bdf,"Douglas, Curtis",C,146,-0.36327848694375364
73698e97-bdfb-0da0-c238-680315e73d71,"Brickey, Scooter",D,23,-0.36744447404840286
157fdd64-36f2-ac7f-b2e3-489f22ef38ad,"Busdeker, D.J.",F,110,-0.38361773573853997
2566d542-639a-ad0a-77f7-6bcb13181d43,"Massicotte, Zachary",D,54,-0.38617885914991645
560305e9-f7d6-b751-862e-546122ac7e55,"Bavaro, Drew",D,17,-0.3864681939253063
af6ab9b3-a019-9b82-fa37-120d97e9f0b6,"Coronato, Matthew",RW,124,-0.38673494433319505
604d9f76-2548-d1b7-d7db-bbeccf411412,"Walker, Nathan",LW,104,-0.39671935000755815
c35114ac-3137-f740-106a-393d981645d3,"Ludvig, John",D,40,-0.39717829326625603
667f32e1-cd4d-c151-6661-91ca6a4c1a2b,"Smith, Ryan",RW,20,-0.4032844643585839
d911dcc4-447c-8f68-c2b9-3d9d5be03c88,"Senden, Mark",C,15,-0.40368514147966417
8dad4f86-9253-e133-91e5-4d58aa04adc0,"Riedell, William",D,35,-0.40473409533976745
c53b4e4b-a765-f0f4-8d71-2f91dab18d60,"Costantini, Anthony",D,30,-0.4050404839640474
6b339084-95a1-64ba-783a-91019a97034d,"Looft, Kyle",D,18,-0.40704229920434
33b6e013-f055-b79a-e793-13d3cf4d77a0,"Chmelar, Jaroslav",F,19,-0.4104368494116283
4a0e87a5-8802-a049-3d39-4dcf34e5a10c,"Johansen, Lucas",D,85,-0.41107224196475717
0753b094-9e2f-976d-85c8-d22a1d280e8d,"Jiricek, David",D,118,-0.4115689870437199
1cdb2dba-e186-98bb-ac8c-e81b86f7628b,"Reinke, Mitch",D,30,-0.4399685378477285
b54241e0-9df6-0411-9ef3-72a06b7f6b73,"Wylie, Wyatte",D,97,-0.4400965366149113
19c643ff-fb68-0999-d76d-840158053e4a,"Doty, Jacob",F,113,-0.4401671466049519
9b73814b-a50e-958a-a5e4-15cf0373d762,"Parssinen, Juuso",C,123,-0.4421545353457677
a6f50fe5-0f96-77e5-dbe3-3ce072fdee4d,"Bolduc, Samuel",D,11,-0.4423076010979597
596db0b3-b0e7-ce8e-41f6-7008175ce45c,"Gust, David",F,222,-0.44279399871781505
1f7fddd9-cf04-94b7-10e3-373f797b0312,"Bloom, Josh",LW,37,-0.4466436458238475
267ce9a0-5304-abb8-bc45-091992187107,"Edmonds, Lucas",RW,85,-0.448290745106937
dadedaa6-e902-9a20-3ed6-79615ec3037d,"van De Leest, Jackson",D,36,-0.45135941436167715
f07cff63-8908-2719-267d-58273e85203a,"Spence, Jordan",D,5,-0.45159840264437096
73f06420-5218-b4b0-24ff-89cac49b0640,"Suthers, Keenan",F,19,-0.4527402409733808
db07a598-848d-2552-6cca-9e1ecaa9fd45,"Kent Elson, Turner",F,144,-0.4532376999466677
79afc51c-33ef-42b7-d824-12c175fedd9b,"Farrance, David",D,14,-0.45674407316173127
d355580c-76bd-6feb-cb4a-c789e8954d9e,"Zloty, Benjamin",D,26,-0.45748316369039876
b6a7a39b-58cc-cfcd-fea9-ccffe90ab4fe,"Lewandowski, Mitchell",LW,29,-0.4697688173139437
591a1686-4b9e-0b90-5859-447b4989253e,"Bertucci, Tristan",D,11,-0.4705859976721381
d6cacecd-ace5-db8f-d62d-72f51f65b089,"Swaney, Nick",RW,35,-0.4707419303893276
81f67e82-04fb-7536-2181-669ac1247363,"MacLean, Kyle",C,120,-0.4786210807020542
62da8db3-43ba-54cd-41cb-1eedac95ba17,"Beaudin, Nicolas",D,43,-0.4883734219255874
787a8432-19e0-0887-53f2-a9f68ba36658,"Poirier, Jeremie",D,77,-0.496249874584869
8c0ebec8-d71e-d044-0d5d-0bbc79aa9155,"MacDonald, Jacob",D,7,-0.49855146261294286
8cd5c3e3-9a48-051a-d12f-0065c690b66e,"Jarventie, Roby",RW,86,-0.5018798121765405
ea896038-126c-6362-5259-0d35a0512227,"Harpur, Chris",D,56,-0.503534918936138
0582fe49-f4f6-218b-4da2-55131a99a890,"Tuch, Luke",LW,14,-0.5073186967963375
cfba3301-eead-3014-a5aa-d4daa9cf5d3b,"Cajkovic, Maxim",F,23,-0.5137540508295144
334e9743-0236-f42f-1175-4431633384d2,"Finley, Jack",C,128,-0.5150563739831965
a5d99bd5-04ad-cc18-c4b4-2e2ac07cd3e5,"Chinakhov, Yegor",RW,19,-0.5307244750493474
2864d29b-c2b5-a160-af4f-33bd2c5150ac,"Moberg, Cole",D,22,-0.5358707031422997
42d8748f-fc64-ecc4-7d4b-36f4f690f0a6,"Malinski, Sam",D,158,-0.5432783904481663
92ba8cca-e560-cb08-e2d6-15259ce631d1,"MacEwen, Zack",RW,27,-0.5500822385298716
f9459d9f-883c-1e56-921f-2f33d390fccc,"Lipkin, Sam",F,23,-0.5524793518746761
ee172400-aed4-5013-4ad3-4a4798d72b3e,"Tynan, TJ",F,224,-0.5536569658691824
94c36467-aa76-5130-5cff-0e324040d65d,"Isley, Jace",LW,18,-0.5544371084084881
8bd8e696-4514-a5d5-792b-80b002761f46,"Hirose, Taro",LW,163,-0.5551627981156784
a340d31a-27b5-a8d5-bfb1-edfe27cf1e5d,"Gicewicz, Carson",C,35,-0.5591172932105302
69c1e284-b220-e453-250a-66413a82618e,"Studenic, Marian",LW,154,-0.565492215934344
eeab9820-8fb9-1fe7-a710-54c9e7a4e778,"Chisholm, Declan",D,36,-0.5716488349945816
a2e5ba9a-a3d2-3c36-25f5-6b71426f884d,"Kuhlman, Karson",RW,191,-0.5769907532206231
ba2bb7e1-15a0-1473-7e9a-f985226ddac1,"Corcoran, Connor",D,10,-0.586389332122671
b2f264ba-1fa2-c297-2cf2-a5109e7b99d9,"Reinhardt, Cole",LW,178,-0.5895615180324674
72f57d8b-f777-4c6e-65a8-d286a9fb5684,"Gourley, Jarrod",D,31,-0.5932601342441871
bc0901c4-4d45-8b85-d17f-37826e9e5b4a,"Clarke, Brandt",D,155,-0.5938718828020935
231a94b8-a063-d545-fed1-3a6b279a5467,"Barbolini, Matthew",F,25,-0.5962542462145664
665699cd-274f-78a9-d163-2779fc7210a0,"Singleton, Tate",C,49,-0.5983341858496577
617fa948-0850-415e-a86f-30cee56bebd4,"Wolf, Dustin",G,2,-0.6129509419728907
c16818fb-5592-bed1-1a84-362e85b7e8ce,"Silovs, Arturs",G,4,-0.6210522862097441
c10719af-87b4-f64d-abda-4dd75b197b9d,"Kniazev, Artemi",D,99,-0.6278344495325413
21cf1d66-d9b8-9cc2-30ea-89b85f72ad81,"Ufko, Ryan",D,54,-0.6284382424171973
37641df9-8091-1e07-9701-44840a3b7689,"Romanov, Georgy",G,3,-0.6302820266763371
3eeaf7c5-7fd6-1881-19a3-43e85849001c,"Garand, Dylan",G,3,-0.6380825648236947
2d0eb54e-169a-5f00-7761-2ca898c78da7,"Filipe, Matt",LW,113,-0.6389977582825417
9085fb56-a0fb-48b9-366b-f9988acec99d,"Milne, Michael",F,122,-0.6414535331233342
d11d3df7-7ef8-fb46-8220-3f5604bec3b8,"Robinson, Eric",LW,37,-0.6460854466290658
e53cf55d-c979-8258-a096-359968afcde6,"McCarthy, Case",D,9,-0.6556767213625898
8914c0ab-0284-2834-0482-78314b2008bd,"Duran, Riley",F,30,-0.6562398319818824
e7ecd0e7-37ac-d982-a6e8-d5c883e4869f,"Nelson, Jaxon",F,32,-0.6565856678393188
f6385516-0e06-82f5-5e29-9d38bdbb771a,"Blankenburg, Nick",D,81,-0.6574457501277337
5d869c26-9a71-e900-832f-2f3b45e7471c,"Lohrei, Mason",D,49,-0.6597756428527495
d5f6e05a-f9e9-1794-4cc2-bfa4c2094f8c,"Joshua, Jagger",LW,146,-0.6626968239062507
1c9700dd-60dd-69e8-fde4-ed7e872fe2e1,"Walker, Cooper",C,23,-0.6644600588616957
0df6649a-904e-408a-b17c-e5f7720061ef,"Askarov, Yaroslav",G,3,-0.6677157289660457
90b75279-df8c-5e58-aeff-561d3ddb7df4,"Quercia, Matthew",LW,15,-0.6733387271435252
de69fd7b-5c3f-76c2-b9c9-7e39a9e9b91d,"Fritz, Tanner",C,45,-0.6749777441472974
4784e648-7a45-84cb-e5d5-3e5a6ba04f7c,"Aube-Kubel, Nicolas",RW,16,-0.6771225885644888
b7459409-30b2-bc6e-e869-0a99b09589c8,"Jones, Caleb",D,25,-0.679116401410161
45600aff-c442-b856-6e9a-ae22ed437997,"Attard, Ronald",D,244,-0.688001996255629
646aee21-0866-adfb-0044-2b0e9797eef6,"De St. Phalle, Mathieu",RW,20,-0.6920417243648063
bd19400c-e2c9-2485-9923-3d621df406c2,"Boucher, Tyler",RW,117,-0.6943434904009322
1478b5df-3f0a-5c6c-2819-58f814f92e05,"McClennon, Connor",F,36,-0.7019193208168387
8200c442-154b-1e44-603c-432165892a57,"Shore, Devin",F,41,-0.7023067863991748
4f647688-70c4-b171-a10d-a802496205b3,"Bucheler, Jeremie",D,61,-0.7031652700535675
9bb10472-226c-b81a-f090-f474f37bf428,"LaDue, Paul",D,148,-0.7084061051377563
45ee61a0-3386-8b93-6df5-89b02e23b13b,"Nijhoff, Logan",LW,77,-0.7123387031011669
e9563f4f-7930-e1a6-b216-d97b3048803b,"Trivigno, Bobby",LW,117,-0.716041580413123
234b7ce2-888e-e9aa-4752-601f5b79ea81,"Walsh, Reilly",D,188,-0.7266984201139357
ec1ce0f1-da94-b52d-8de7-fe60510f16bc,"Sjalin, Calle",D,118,-0.7349714074357052
4a958778-ad3e-a99e-3fd3-f9d53cc6e145,"Megna, Jaycob",D,13,-0.7368231715547142
fc12d491-2177-2be0-644e-ae4fd48e9c1b,"Bitten, Sam",F,47,-0.7409253320418634
03a7a59b-61cb-6381-2862-5428ea14fc32,"Xhekaj, Florian",C,19,-0.7410501436292583
ebf31f99-7cf9-b77d-1a16-1da7f96aed4c,"Halonen, Brian",F,144,-0.7549723975694425
eeb9d4d1-0d23-550d-2796-42a09d440711,"Pouliot, Derrick",D,268,-0.7560768467366059
e8c62b25-fc94-0d6b-6339-037c18054011,"Smith, Konnor",D,22,-0.7610107899791336
676fc7af-7d2a-e37a-3a5d-91082b375e1b,"Oligny, Jimmy",D,33,-0.7624416411066414
94b11c0d-68ce-3d88-12a6-a179af248e03,"Wahlberg, Anton",C,39,-0.7673498172097764
dab54890-f20a-0b2f-181d-e88083848dd4,"Malone, Jack",F,11,-0.7731353964645274
38c336f8-97da-9f14-d503-e14a767e995e,"Forbort, Derek",D,15,-0.774246727380974
f01abcfa-44e5-5d4c-df7c-876f3b8011d1,"Bordeleau, Thomas",F,106,-0.7760218823097245
ce8efa65-92ac-016a-bc78-8cb03af0c2f4,"Struble, Jayden",D,18,-0.7787391143890877
9fe70024-cd66-80eb-aa49-5618b43fa865,"Knyzhov, Nikolai",D,152,-0.7789989624628368
72ca1126-3d98-e9b2-12ea-6b65e429a53b,"White, Gavin",D,172,-0.7793073713387286
e918450e-ded3-d0b7-60e9-6090d9b2c120,"Stienburg, Matt",F,141,-0.782598448873863
481557d2-206d-33a3-ff24-624dd21c0ac5,"Karashik, Adam",D,45,-0.7838577727158997
5f3ba977-2b47-50ed-9f99-9fcc71574006,"Jones, Jett",F,66,-0.786837764494223
bd8f8e14-9ded-05b0-c144-1af31a1fb38b,"Kinkaid, Keith",G,3,-0.8014056690005356
38337d0c-d847-3281-c6cd-ee7361785511,"Hicketts, Joe",D,54,-0.8087941462038573
015f554a-21c0-99bc-0a31-a176810b40c6,"Shine, Dominik",RW,216,-0.8215775664490456
0e48d7ab-436f-db69-ff28-bffca486cb7c,"Laroque, Gannon",D,39,-0.8316418080859801
18661cc1-b9d0-2e30-154e-9ae1b75e54e8,"Healey, Josh",D,155,-0.8422269035107711
93287ee7-f6cd-636b-e83c-9a63094f9c0d,"Vincent, Anthony",F,55,-0.8466086691961382
9c5a0e11-4272-5962-2621-08678ba1b301,"Kolyachonok, Vladislav",D,136,-0.8489343815556009
36aa7c8a-2625-8217-ba6f-dc50c4f05976,"Peterson, Dylan",F,31,-0.8557066044441746
4dc06afa-7695-c51d-14c4-d3ab25606dd9,"Zmolek, Will",D,23,-0.856533524093843
16966ad3-18c0-6ab1-74af-20bb514ab15a,"Okabe, Zach",C,52,-0.866168378060213
d151950a-074c-744d-f04a-0487129cf9e0,"Berglund, Carl",F,39,-0.8725726292108137
8479de8f-eb8d-f74d-9071-11aeb7cb3721,"Brady, Darren",D,14,-0.8833126871902675
09f381c0-6a47-8eff-31ea-e1c938853285,"Mcallister, Ryan",F,67,-0.8870506043173174
335244ec-3806-b028-c666-93782915701e,"Allard, Tristan",C,197,-0.887585564494482
dd91f3fc-eed6-9558-5fcc-f84206b9651f,"Marcel, Marcel",F,83,-0.90169493631143
7d94bd1c-7703-09e0-71ad-e2955531637d,"Pettersson, Oskar",RW,85,-0.9059649962130042
8bf524f6-7499-1f04-dd8e-e7e80934fb0f,"Kuntar, Trevor",LW,187,-0.9070022496706941
3d5d0fd7-9f6f-134b-217b-a762b833d6ad,"Wesley, Josh",D,36,-0.9137297581069967
67d7dce3-3de0-3021-706f-3f85c3ac4b11,"Abbandonato, Peter",LW,117,-0.9146559525145882
86e84326-bbdc-0d98-1c14-c40027327ec3,"Ellis, Max",F,75,-0.9150726914945936
5baf9274-110b-c144-384d-72f5733f935d,"Rassell, Mark",LW,93,-0.9173973556767611
0a6974f6-2617-dcc6-487c-34d9d0d6e3a9,"Villalta, Matthew",G,11,-0.9304185238243992
0f019453-f052-7bc8-02ed-1016fda53512,"Harpur, Ben",D,21,-0.9359098899197977
3bf23b92-9a1d-7c1c-38fc-d173028e1fca,"Fedun, Taylor",D,99,-0.9441512752918892
0f1cb51b-ffed-b0a3-4bb4-5521cdddbf60,"Xhekaj, Arber",D,72,-0.9506465348793232
36cdd1d1-54e8-c461-9d2b-7684df1843de,"Wiesblatt, Ozzy",RW,145,-0.9621278205661523
0ae96538-0067-681c-06a1-290633a469a2,"Vande Sompel, Mitchell",D,133,-0.9662109135590604
7c6b27d0-8b1b-dd6d-cfed-b6769b895e8d,"Maggio, Matthew",F,162,-0.9759322007114346
4d078dae-3c80-5494-dfe0-cc6cb4da38e7,"McKay, Riley",F,108,-0.9776043502442421
c3208728-7827-6c33-5a6a-1a08e435a09e,"Kuzmin, Dmitri",D,60,-0.9858239750224163
d02b010f-8cb4-7c7b-9319-50dd7c95cab2,"Kuefler, Daylan",F,80,-0.985962808865728
db9c8af3-01e3-2f51-4cfd-cabf439c3c0f,"Skoog, Wilmer",F,142,-0.9889791614198506
df6a8e05-e355-a99c-b003-7560a4ba6b75,"MacKinnon, Ryan",D,70,-0.9904840688394239
f9a7d1ed-389b-12c2-9eaf-5265b329406b,"Young, Colton",F,32,-1.012121488410441
d7e15544-a382-b7ae-d2ed-7fcff5f65212,"Digiacinto, Cristiano",F,26,-1.0188533395495638
facc5b54-f018-45c4-6044-abe2eba5d33a,"Ponomarev, Vasiliy",C,114,-1.0286251923821963
dd4fbde3-ce22-48e4-f9c3-294a3853c62e,"Ovchinnikov, Dmitry",F,67,-1.0299611309717456
fed895a2-f838-f5cc-d4a6-a4306ab324de,"Mast, Ryan",D,36,-1.0341463183211288
47d857f2-7d2a-edfc-e1c5-73767c716a2f,"Sweezey, Billy",D,206,-1.0383543910022544
3e888030-0357-1ee0-55fe-24b435d565ea,"Giles, Patrick",F,179,-1.0413935586934018
5e3aff3e-8291-6d82-73bc-fe525c00af0b,"Mastrodonato, Keaton",F,41,-1.04331210144067
1cd5766e-7d47-c25c-1803-8237c6d850a4,"Roe, Garrett",C,158,-1.0441174091735894
8e5056cf-83a8-a237-0caf-4ed9b12d5aa1,"Kemp, Brett",F,74,-1.0520396600494755
b8455924-5254-86eb-23ef-ff5636bcaa43,"Perrott, Andrew",D,72,-1.0530659130020004
6b02137d-510a-65ed-24a8-c60dffebc9f3,"Giroux, Damien",C,70,-1.0570763750794414
d8a9e690-8ec0-b640-ae0c-ca057bcd8952,"Prokop, Luke",D,40,-1.0587816843556344
df12ad2d-04ed-754c-05a4-f9c7cfef7a32,"Gaucher, Jacob",F,125,-1.064675052097477
116b08bc-a980-abc6-eb2d-8f3aebbd6f7d,"Limoges, Alex",F,182,-1.0680624945760964
5d6f0db2-b383-c7d8-7c92-f7065bebe70a,"Marek, Bradley",F,55,-1.0712047159917946
0ab603b4-dfe0-01a2-90a2-e98048b67f73,"Guay, Patrick",LW,57,-1.0719677516039328
647a31e3-83fc-035d-c92c-bedd256d0c59,"Brisebois, Guillaume",D,36,-1.0862536157243787
6216d68a-d22f-ad77-1830-61fb2ceef304,"Rueschhoff, Austin",RW,155,-1.091821842584334
5e97725c-294e-9f96-1be5-1960f6b93d17,"Gallant, Alex",LW,115,-1.1135910533778701
28fee7d1-3bbb-19df-abd4-2e0febaadcea,"McIsaac, Jared",D,51,-1.1204737820610995
cb28bb02-f73f-42c5-9e45-d1b51de84254,"Lopina, Josh",C,152,-1.1312975933674583
3728a22e-e32e-cf71-be16-1a6317838f86,"Doucet, Alexandre",LW,30,-1.13879961976459
e8c906a5-ad53-39cf-455e-9abd2e047646,"Yoon, Bryan",D,46,-1.1439313067340118
14cbd768-52a0-a790-01c1-f5b32c569bca,"Maniscalco, Josh",D,90,-1.1508549319011776
c6548f66-32fe-d071-8807-3d92f9c63357,"Clurman, Nathan",D,147,-1.152088705446122
1feafb05-4f4a-c6c6-b5e0-371af3fc21ff,"Myatovic, Nico",LW,35,-1.1523874026344627
59579462-cf0b-8270-0094-5113af13d750,"Cardwell, Ethan",F,253,-1.1569379915108124
4668053a-dbbc-9e0b-5510-71a303a7902d,"Mazur, Carter",RW,195,-1.1677366287846636
fea18a05-3370-0f25-8fbb-927342eeefcb,"Boudon, Louis",C,42,-1.1719658746514685
0601a4ed-1515-44af-ec9e-749318820437,"Wheatcroft, Chase",F,126,-1.1764138724309823
428c5d34-f5d8-7b61-923b-e61d6221eec1,"Matier, Jack",D,63,-1.1805316995065172
cd489321-0cb6-1202-edc1-5fdf801b7738,"McDonald, Kyle",RW,164,-1.180807747980649
b3585f9c-6b5b-057f-4b5f-0931b9714c57,"Brabenec, Jakub",F,150,-1.184347420433343
e8fcf932-3019-3ccc-543b-67b8c8e584bb,"Petrovic, Alexander",D,319,-1.1862021714586368
f24ab0d7-cf57-4fc4-8378-bf8bfab5dd15,"Budgell, Brett",F,31,-1.194162164363539
9175a5a9-9fbd-0d4b-8db1-799ddc3b65e7,"Osmanski, Austin",D,52,-1.1980680448581196
1a8b325b-f423-4cca-aafc-bd79e3ab00b6,"Schmiemann, Quinn",D,91,-1.2110449229339584
4f0a5304-b10d-cc26-c5ba-05b618309cc4,"Trineyev, Bogdan",RW,166,-1.2134796839888002
0cdec058-c5f4-0045-d7bc-01b73ecdfb07,"Theisen, Colin",F,98,-1.2270531851321642
c8f5ce37-256b-6dba-d068-eccc978959b9,"White, Colton",D,183,-1.2273020595440316
7777eacd-caee-687f-c0ce-d586b80cdb31,"Pinelli, Francesco",F,136,-1.2288583661600392
be9b1963-d3f6-e521-244e-9c4efcb1c08e,"Dickinson, Tanner",C,60,-1.2352835924374665
35f3a7f5-9cc0-b826-da68-5809c32a4aae,"Robert, Felix",RW,154,-1.2452530739587535
bcfc449f-d442-64d4-e387-32dabfcda765,"DiLiberatore, Peter",D,88,-1.2460636532273195
8127c1a5-26ad-e502-64ef-c7ff9b63667f,"Foote, Cal",D,108,-1.2518732088861793
c680ffcc-b3f4-241e-b204-4427348d5e37,"Berzolla, Zach",D,56,-1.2537751260726653
650d3032-1d13-5ad8-b295-80e86c324b0f,"Stillman, Chase",RW,177,-1.2742119633102769
1626a981-83e3-5292-c345-a374053dc548,"Profaca, Luka",D,86,-1.2756473890698665
9e3f822a-0667-55ca-0e17-9a2d6e21bfe3,"Moore, Lleyton",D,45,-1.28157571443178
40a1ae61-e5e0-fe0d-be00-47040f3be4d1,"Mitchell, Travis",D,110,-1.291040169685127
0fa13fd5-ec65-dc47-fa79-66e4a160144f,"Stromgren, William",LW,177,-1.2922695742870216
acbdcc82-71fc-3c33-ba21-35cb831c9cbd,"Cesana, Dennis",D,92,-1.2975860070870264
963e7b7e-ada7-34b2-b447-eebe01c946c0,"Mitchell, Ian",D,144,-1.3041918644660055
ad4b002b-5fc6-4cdc-1d16-192ced8c9b16,"Gaudet, Jake",C,147,-1.3076470417201533
7cb3042e-45eb-45ed-256b-52f95468e17e,"Stranges, Antonio",F,190,-1.319656180544809
ca8bc734-74c0-cc3e-db09-72ea657f75e2,"Clague, Kale",D,112,-1.32121923578846
e577030c-2678-b003-ed0e-fc2d1c78433c,"Malmstrom, Anton",D,69,-1.3290785869012227
65c9be45-0771-6bcb-0263-5b74fc8423af,"Carrick, Trevor",D,281,-1.3431068880502353
3f6ad3c6-b702-04a6-5fc9-ffe9845026b1,"Simoneau, Xavier",C,96,-1.3471145113862109
d5cbd975-fd60-baee-98cf-7ef20bd4859f,"Gauthier, Julien",RW,62,-1.3525092687605005
f2bc8771-8044-2f22-b289-2e910a46dfce,"Heatherington, Dillon",D,206,-1.357121763244866
87376fde-0929-ba1c-b649-11a86bd72d17,"Glover, Ty",LW,112,-1.3643250744079882
e2e9d274-2a93-02e4-c3ce-b61e1a6e6599,"Kyrou, Christian",D,181,-1.3818593629218263
a4fe9cde-2b89-7e99-5181-d8855c55e821,"Crevier, Louis",D,205,-1.3867784692424598
c51c4508-f268-b8c5-0cb1-26b9859a9083,"Tverberg, Ryan",F,123,-1.3975278285431436
332983fd-d9b9-3b78-fe67-9b985bf20d66,"Olofsson, Gustav",D,160,-1.4084095384237247
1c1f6b61-7245-c44d-eda9-90793130dfa5,"Spezia, Tyler",RW,104,-1.414418557933613
7140c5e3-c7b4-5dbc-61bf-89b315e97277,"Petman, Ville",F,169,-1.4194853946417603
27281544-ba73-12b1-7101-bca8c999f508,"Viro, Eemil",D,95,-1.4243164618849067
87b124cb-b80e-9285-0449-4b9a169daf1e,"Wright, Cameron",RW,137,-1.4263717819634179
88947b55-b654-777f-1975-626f9ea28095,"Bezeau, Riley",F,103,-1.4270644854418881
98965e88-1cad-c56a-4b3e-ee71b2b79b90,"Harrison, Brett",RW,102,-1.4283597322160237
cdc94907-804c-5cef-ce85-830a04ee6718,"Hickey, Brandon",D,145,-1.4298715209010688
2cd11afe-06d7-f761-66be-35ca4a2ccc0e,"Sebrango, Donovan",D,124,-1.4309939696444351
c9060c85-0600-ed69-de2d-6aa7611fc7bc,"Gaunce, Brendan",C,112,-1.4331264649102733
21555bc9-a08d-032e-ef88-be32e61cd8a0,"D'Amato, Daniel",LW,164,-1.4356027691729012
0660c78a-40aa-215c-b039-bbc205fae8a7,"Kinal, Roman",D,65,-1.439146862546988
27be5d93-9bc0-8a87-41dd-e96fea901efc,"Ceulemans, Corson",D,162,-1.4498904421865368
65195a5e-8639-a163-d566-03adc8582060,"Tuomisto, Antti",D,199,-1.454103386252687
6815a801-6584-a22a-0db0-2dc6e23d8928,"Capobianco, Kyle",D,375,-1.4612775279270853
968696dc-b172-bf02-b39b-747e1d1433c0,"Ahcan, Roman",LW,169,-1.4718297601518133
a57e1296-4e60-4fa6-4a9d-784b27327f24,"Usau, Ilya",F,118,-1.4833954158590446
f2566bc6-bfea-c074-e304-be4d0e8006e2,"Kambeitz, Dino",RW,141,-1.4872490576334465
61b3f3d2-10b6-46fd-9416-8976a893ef23,"Highmore, Matthew",C,173,-1.4922290729465029
d15b7347-90d7-1d06-a06e-c323170ae988,"Saulnier, Brennan",LW,90,-1.5013882036298578
1f87233d-cd1d-1ebf-d866-e777d5b45092,"Edstrom, Adam",C,135,-1.5121612432327307
2498c93f-f70d-0583-16e2-611688ad59b1,"Demek, Jakub",F,228,-1.5148484620652753
dcfd5d40-4240-1426-b224-8da9ede17716,"Khodorenko, Patrick",C,194,-1.5198263884425978
5dce00f3-ba59-bbe3-62ad-cbb2a438bbb6,"Ansons, Raivis",C,88,-1.5398352026180007
618e3d3d-1bfe-2f62-3982-e1dae44b9c4b,"Headrick, Owen",D,77,-1.5486091279504022
10dc6160-92cb-46e1-6a03-5ad027bace99,"Guryev, Artem",D,97,-1.557688187077148
5bd62585-fe76-88d0-45d7-8841bb9908ce,"McKeown, Roland",D,293,-1.5629871298406837
67c9940a-3733-2962-f9b4-f523a2d1df8f,"Ciona, Lucas",LW,141,-1.5671677215842779
4547b0f8-61ed-35aa-c402-92122503bf23,"O'Leary, Mike",C,116,-1.5679748424828623
d8b45f27-27ab-1ac3-7858-ddf31bbf62b0,"Ivan, Ivan",F,250,-1.56812622354377
5a19d98a-9812-e36d-7c3e-df3822110857,"Furry, Brendan",LW,110,-1.577752597330322
c05db9ee-e2c8-5bba-3a20-cee81b8b04c1,"Butcher, Will",D,130,-1.6069078423188523
cf47f181-03bc-cec7-23d8-23f407701653,"Weissbach, Linus",LW,138,-1.619438017333223
ce2b247b-205a-e275-79bc-893e80beb087,"Lilleberg, Emil",D,142,-1.6281669018754996
4cbd21fa-5265-f7d5-ac2f-2fd78d7480aa,"Hirose, Akito",D,131,-1.6494166796738903
923dd5d7-8c14-5d5d-ea10-b3d01db29281,"Murray, Jacob",D,76,-1.663914618785219
066364b9-b235-6207-1061-3d0155cb2b66,"Smith, Ty",D,210,-1.6663094317907958
695f117e-849a-d6fb-56be-a783203f4822,"Pettersson, Elias",D,44,-1.6841460656168976
7cbfd18a-87fc-1935-d240-d08c0ca78a00,"Savoie, Carter",LW,133,-1.685053021299464
f5fcdc05-b825-c3c6-187d-b79bb81ea956,"Rosen, Isak",RW,163,-1.7008583047757633
987b6366-d0e8-ced6-e37d-95f8ca177630,"Carlsson, Lucas",D,213,-1.706020864016581
1acdc235-915d-5342-3376-071fbe4ebfb0,"Seppala, Peetro",D,151,-1.7205150110474188
73819ce9-d8cf-b983-9994-bf279611d66f,"Hutton, Grant",D,167,-1.7296302707718045
c5258da6-5caf-3b59-ba84-ef3308239868,"Chromiak, Martin",F,191,-1.7365528843417268
7f87b4e4-74a0-39b3-ec2d-526b02fbdfe0,"Wolanin, Christian",D,207,-1.747507678584546
546e5d35-2029-44d0-117a-403784a2cc7b,"Middendorf, Erik",F,88,-1.7584232890248526
c401dc01-1fae-5a0b-da00-3083e81a9fc4,"Abate, Joey",F,120,-1.7621553881126244
d49cdcaf-2064-d35c-0aff-7d8aa8e3be32,"Spacek, David",D,217,-1.7663886555680388
e687b686-2fb1-2fe6-dce2-df6b6c938539,"Ahcan, Jack",D,318,-1.7767618551495077
a434fff2-8e1b-5bc6-1759-b545496778b5,"Edvinsson, Simon",D,193,-1.7804637000636476
e83be427-c991-506c-5133-ca5f4a743e97,"Day, Sean",D,162,-1.7878600072873165
e5676b25-a8f8-2cb6-6c4b-c0a127f7d5a6,"Niemelainen, Markus",D,95,-1.797903783879209
3bc06bbe-5d1f-aa0b-c51e-f0c83f70803a,"Petan, Nic",F,271,-1.8026727274801422
0bfc03fb-71ed-510a-01d1-3e6e6a1ff531,"Torgersson, Daniel",LW,223,-1.8081554104324302
06aa1b16-e3ee-cce4-0a42-b0f70600c477,"Laberge, Samuel",LW,161,-1.8117315566299894
7654aef7-b9f3-a41c-bd8c-5746babb1db9,"Neuchev, Viktor",RW,141,-1.8311374998642007
6d2da62b-0ab1-541a-7398-f2997a37927c,"Kidney, Riley",F,183,-1.8328297344169824
f11bb2e0-f643-8289-6250-1ecd4af5be1b,"Bongiovanni, Wyatt",LW,152,-1.8438423033104268
90e5f527-993f-a1ac-44b5-9fb226fa6128,"Whelan, Alex",RW,152,-1.8588391681049878
08561f93-bc89-bd96-1bab-6905b3f7e9c7,"Villeneuve, William",D,206,-1.8658035807815425
b233d426-2432-2abd-cb57-c1f6ca4aab46,"Wotherspoon, Parker",D,110,-1.8923371111886582
9d5f9778-e77b-d632-be6a-b05e1df07de4,"Inamoto, Tyler",D,25,-1.896061569872533
15f4d004-953c-10f0-c9f3-d5e55866559b,"Pederson, Lane",C,211,-1.9069110592161294
ea7c79f4-a992-0dfc-7f0c-913a5c701c2f,"Korczak, Kaedan",D,86,-1.9119316917675975
ee8879eb-2f2a-d7c5-6173-cb7eb3ffa0c5,"Betts, Kyle",C,119,-1.9228240771030238
647565e5-1012-bd7f-f56f-3fc756a2ad52,"Millman, Mason",D,65,-1.954302234010988
dd368f54-e501-b3b4-cfb1-0168ac8455c4,"Tuomaala, Samu",F,192,-1.9567628121630036
8425379d-202f-4478-138b-b9d256fa9648,"Pietroniro, Matteo",D,150,-1.9685581785992774
c8435e7f-7ff0-6f11-6888-b412a9c7f67f,"Miller, Tommy",D,167,-1.9793534739281906
728870e3-f628-bce2-5544-711d35c037ca,"Gagner, Sam",RW,45,-2.008819101737556
4ef5382c-6459-519f-de86-96aa6ab54c2e,"Welinski, Andy",D,130,-2.0125876177417554
9e0e0f1c-bcac-2b93-5f18-622924dfb131,"Gawanke, Leon",D,180,-2.0149113579892295
92a1bf87-e138-f25a-ebab-c92e182b701e,"Pilon, Garrett",C,217,-2.025721787672693
8c8bb5e3-c1bf-5fe7-5c06-9c2edca91261,"Onyebuchi, Montana",D,175,-2.040428865031924
d5be06ce-db59-67c3-a447-ae68e71e7471,"Feist, Tyson",D,111,-2.0420582852055786
4289fb89-c2f9-7f84-266f-fef249c727fc,"Metsa, Zach",D,125,-2.0454721773239175
6578b042-673a-e73c-1592-4683af466291,"Davidson, Jared",F,85,-2.0487737311938123
70440719-b72e-82a5-613d-20867495af20,"Marino, Kyle",RW,178,-2.0516117840244203
49d42dd2-3278-16e3-d4fd-22c863adfade,"Svechkov, Fyodor",C,156,-2.0611738476811468
5d03b81f-67cb-341f-bd17-e8a0a6527423,"Hunt, Brad",D,304,-2.0710595014834694
7a3d5183-f0ac-85b6-bc44-69b7a3dd6d6d,"Bourgault, Xavier",RW,127,-2.071186826184531
09ebb57b-5c02-284e-ddc1-6b5bb2245be0,"Stevens, John",C,274,-2.0734820101419147
62290f70-c057-68ae-6d76-548e7fc1a2c2,"Petrov, Matvei",LW,116,-2.0828281813431113
0fec22fb-1012-3b71-e15a-fa49606b54ed,"Hunt, Dryden",LW,61,-2.083152539181661
bb2c81a7-ec5a-c3c3-28e2-077918bc20a3,"Jones, Nick",F,204,-2.1095308414221687
81b31cdc-d76d-a42f-88d9-2ade366ffb25,"Engaras, Filip",C,144,-2.1228509538803495
ff452b22-0fff-8ee8-7593-be9565ee6205,"Robertson, Tucker",F,115,-2.1275494813787623
7fac9254-996b-8a15-fa1d-a7ed1a23dcc4,"Solow, Zach",RW,203,-2.1419026437125264
0e54465c-5689-124b-2815-81c899f63dc0,"Ward, Taylor",F,161,-2.1554237510441525
d028de61-a5f1-fc1b-87ce-7160b5ebbe16,"Chayka, Daniil",D,280,-2.156093302219113
9108f109-2f27-6e12-5e0a-b692517acf4c,"Carrick, Connor",D,239,-2.171589918236006
6478e1ee-af93-5c31-b87a-97218a8236b2,"Wolff, Nick",D,128,-2.179553080316928
ac67f786-2de5-43b4-d0af-ae6afd5f161e,"Pysyk, Mark",D,148,-2.1978823336538222
a8ddd322-1d59-e6d5-6eae-09dde5c61284,"Luypen, Jalen",LW,195,-2.200279838421776
fc2945e6-a58c-9d0f-68f1-2fdcd3a205c4,"Avon, J.R.",F,148,-2.2107506176047202
0b8f58a5-5832-8a88-35d3-83d96f258329,"Haiskanen, Cody",D,104,-2.2275295756226487
272de64a-7d31-21fc-c289-c314245517bf,"Gendron, Alexis",F,84,-2.2289017257560326
8df2c45c-6f81-8208-c618-60164a40834f,"Felix, Colin",D,91,-2.235611507950941
cbabf9a6-fbd2-f2f6-6f08-ba10e8ea843f,"Mermis, Dakota",D,73,-2.2379400377303136
f9c21b86-8a2b-b378-5127-75e172925146,"Reinbacher, David",D,77,-2.2396239103506352
f2672d3d-1839-4bbf-958e-0af6458a7c50,"Broberg, Philip",D,176,-2.2529603191252017
5053122c-425b-eb9a-fd96-63387bb70366,"Rolston, Ryder",F,187,-2.2859491823116733
66cb9389-fb62-0a30-a1e9-2be938f5ed7c,"Solovyov, Ilya",D,228,-2.2952694566551326
58783cc8-82b3-f9f3-fcf1-fec74713086f,"Soderstrom, Victor",D,261,-2.3233468820623764
2dbd1b27-fe28-9015-7542-92463860eb84,"Hinds, Tyson",D,248,-2.3318834070160452
f6d8202b-236b-bc18-e141-f14240c3c246,"Schaefer, Reid",LW,203,-2.3386561713483234
6762871d-0826-62ea-33f7-af39ac92c913,"Gatcomb, Marc",C,197,-2.3596143547990405
af4b1383-6455-2988-0dab-f2fd733e167b,"Zhilkin, Danny",C,176,-2.3789885888532294
951d13b9-5872-4030-e350-fde01da2db5a,"Korczak, Ryder",F,192,-2.416813399396896
b2928a2f-57af-15cf-fb3f-b3917e2f5b6a,"Masters, Kyle",D,83,-2.420489105927882
faf301b4-fa0d-303d-9cc5-6e5633143bc1,"Knazko, Samuel",D,145,-2.426440958051165
60c20331-7db0-a69c-c669-703d1c502f16,"Pulli, Valtteri",D,207,-2.4339829677653952
2bac8c42-d730-5703-9583-b7cebb96c736,"Thrun, Henry",D,83,-2.435674661173178
57c6f70d-40e1-30b6-e92f-b01c49faf541,"Wagner, Ryan",LW,193,-2.459025346731482
44ad96dc-c0b6-9c77-310a-42c86826d41a,"Cormier, Lukas",D,246,-2.48622397785474
4166d06f-c778-e270-abf2-d125f7494262,"Helenius, Samuel",C,183,-2.495145866852304
61a43f85-2e5c-ef36-a82e-322e6e622997,"Guenette, Maxence",D,236,-2.515683186252042
1c7fb1ea-cf20-6a27-04f5-4b782c22a62d,"Toporowski, Luke",LW,190,-2.540793681166951
f3bbce09-c265-0be1-5e2e-71431ffa9edc,"Gaucher, Nathan",C,220,-2.5694709126544373
6dbb81a4-b033-f2eb-d097-8a60da618a8e,"Bankier, Caedan",C,210,-2.588197505748685
6c8d8731-c18f-5a5e-aa78-2fc912cba75e,"Kaiser, Wyatt",D,142,-2.622981294309793
d7d794dc-6f3b-8c9c-7614-23859008aea2,"Gross, Jordan",D,141,-2.6358805264982714
b26348d5-86ba-a414-caa0-1aea4d766bc3,"Stillman, Riley",D,121,-2.657770916967585
55083278-5797-8647-ed4f-5deab1f4fb43,"Barron, Justin",D,144,-2.6731041173732
3c4adeaf-5301-5206-c1cb-16db210f2864,"Sillinger, Owen",LW,234,-2.684379368976918
daa52256-1dc6-fde2-afc0-7599fd3359eb,"Hanas, Cross",F,182,-2.689625089454402
1d33070c-e556-fb1e-bc44-0073a18d3693,"Miller, Brenden",D,188,-2.7051382101434975
57b5f123-fd08-99e1-9222-cfd4ae909c19,"Loof, Leo",D,159,-2.7169391345822973
d72a16dc-181f-faa5-1565-271868e3c332,"Brunet, Frederic",D,133,-2.732621462721336
a0ee2ae4-f345-5203-c3b7-60b728f5f7fb,"Bichsel, Lian",D,55,-2.7511622830823392
e189f09c-ba3d-6a94-95bf-30aaa84cf98d,"Svozil, Stanislav",D,188,-2.760004131765044
82f8e07e-9409-552d-12b2-76d726c5f6fd,"Tullio, Tyler",RW,148,-2.763588835436539
b7040b98-e0ad-fc0e-361b-5bbecc555942,"Evans, Ryker",D,186,-2.768319555042819
1651abe9-2976-0545-0d54-345324506c9f,"Johnson, Ryan",D,119,-2.7759147192467624
d54b6c97-2380-f382-7937-732841fca283,"Pearson, Justin",LW,225,-2.8076160958826843
e8165ae5-3c31-795b-1801-ef1618fd451f,"Hollowell, Mac",D,289,-2.8108729665824215
b515a4d8-b6ba-5e9c-808c-3ab9484fcd14,"Zellweger, Olen",D,161,-2.81725282080794
0e6b8ebb-9a77-586f-1784-a1fbbdac5c71,"Wisdom, Zayde",C,154,-2.819282215181854
9cec254b-d246-db81-a2da-1c0fde0bdb87,"King, Ben",C,181,-2.8505565732344906
e087872f-4407-fbe7-103f-4ade27e4d75a,"Sucese, Nate",F,192,-2.858639937111947
f6efd579-5ea6-2224-2dac-5197e2f9090c,"Myers, Philippe",D,282,-2.8657009629247714
47e6d280-b60f-6e84-96d8-a374b5a662a6,"Norlinder, Mattias",D,171,-2.8731840532634725
9e078fa3-39e8-f4e1-f5f6-285848105a57,"Franco, Dominic",C,151,-2.8761333345917697
4ef5c53e-1983-c344-befb-1a03b450bc7c,"Kemell, Joakim",F,195,-2.9050924725957996
e64fc75f-ab07-a14e-a0ae-46ea4a5afc54,"Duszak, Joseph",D,233,-2.9456218759056374
8ed4aa46-2cf1-b0ff-3fcf-35953357f70f,"Liukas, Eetu",F,136,-2.9789139448296225
8e21faad-e800-5bc9-c0ab-dd31c702e09f,"Mackey, Connor",D,206,-2.9798617504675877
49ac45b2-bab8-bd73-861d-5c244da1ec2c,"Aamodt, Wyatt",D,229,-3.067181959430716
e0dac365-8533-2a57-86d0-8b89b436e72b,"Stastney, Spencer",D,116,-3.0789524736746166
da5bdc30-ff02-7a26-4d8b-79c87b128ab4,"Ford, Parker",RW,265,-3.100688002492491
872a2e24-f29e-382f-318f-5516c7bf0e75,"Grans, Helge",D,157,-3.1092549498288653
de15bfab-6926-999d-bbe8-641620573a47,"Mysak, Jan",C,138,-3.1487300989132327
161faf4c-eaf1-dc63-a4ce-ea46a1363512,"Frisch, Ethan",D,182,-3.1701503439737566
cb889642-eedd-496a-9c02-563f569c6359,"Roos, Filip",D,228,-3.1750374351281545
aa62c9e1-6b63-f21c-d006-de303c37b321,"Grubbe, Jayden",C,174,-3.1810877603124648
987469e8-a8b0-b09d-8171-9c3094253328,"Samorukov, Dmitri",D,224,-3.20094960836416
e778beec-dfe7-a6c8-352f-d42ec0b01ced,"Parent, Xavier",F,238,-3.2174614033623907
404acd2e-e1d1-ca7b-0a92-cd6563e260db,"Moverare, Jacob",D,157,-3.2330204174024884
081c0e30-374b-0c01-3b7d-9b9718f56970,"Huntington, Jimmy",F,226,-3.2664657169523195
24aca8e8-c87f-6a40-46fc-afb2373d9531,"Shea, Ryan",D,75,-3.315424112180797
9b6a5161-1158-73e7-5466-3b7777ed3fdd,"Niemela, Topi",D,259,-3.317376831266829
bd0d10e2-c21a-5941-9276-9b68263f8ae8,"Sevigny, Vincent",D,156,-3.3475973509659545
3370b39f-9497-a447-d667-be719f33b140,"Newpower, Wyatt",D,165,-3.373049318078331
6a7002cd-5825-1e0b-1847-6f2197cc2190,"Karow, Michael",D,280,-3.4107355391000462
e2268782-d1cd-c267-e7ab-c1fd76d2e34f,"Connauton, Kevin",D,252,-3.4612339054202046
a7b63685-8457-dc4d-e569-f210f20260c4,"Poolman, Colton",D,232,-3.4902219741148164
7198f83d-2f1a-fa7f-fa4c-a2119e877247,"St. Ivany, Jack",D,124,-3.5040070826215683
5371f79b-fb56-50aa-237a-c28b6dbbd831,"Mendel, Griffin",D,127,-3.5051776003727446
e32c54a9-ee8c-8682-2ead-a00fcc67c40f,"Mete, Victor",D,226,-3.530149128693761
7ded16cf-d2c8-7e4b-a0b6-edfdcf61afd0,"Friedman, Mark",D,45,-3.5438178378314604
07b9d16f-b1ac-d33d-ef04-aef2855f5bf7,"Conley, Kevin",F,216,-3.5821054271834836
bb5dc6ab-b554-7e5e-317b-fa615a4a94e5,"Fulp, Aidan",D,200,-3.6072619638558048
b8a27cdb-ea33-924d-f963-724d7c48d713,"Mayo, Dysin",D,300,-3.609463821501986
20cda872-4fef-e379-12bd-73a003826844,"Ottavainen, Ville",D,226,-3.6210830415581836
00b3ed6a-d8bb-6e88-4eb7-2d088ef5cf51,"MacKinnon, Will",D,157,-3.685989301201926
7f38f375-6f8b-a621-c862-3ae701f326c6,"Schueneman, Corey",D,263,-3.688382812168553
d7316683-35a0-0b3d-fcba-5391daa9bf86,"Prow, Ethan",D,180,-3.7034437241673412
12687ef0-6348-9e50-7885-e5292a10eda7,"Callin, Drew",F,193,-3.730411370421993
b4c49715-ce5c-cd2a-f4a2-c1bfe64fe7c7,"Novikov, Nikita",D,181,-3.7499000818281267
d5313105-925e-e8bd-e752-74e47b2ca328,"Robertson, Matthew",D,258,-3.7648459975710336
97bce0c4-5f30-32b1-ab97-83c174303222,"Misyul, Daniil",D,158,-3.765391642207422
c5bb348a-a28c-3c1a-4f75-6eda7f448443,"Simek, Radim",D,200,-3.7957241296578585
018b6c78-d796-f123-d662-5ca0a63393f1,"Aspirot, Jonathan",D,214,-3.8018480312641674
11ae7263-a7e4-4c1e-e2c2-45387d3e3070,"Nousiainen, Kim",D,177,-3.8066038802497086
9e79de97-35f6-4db9-5b4d-bdb166ba4de0,"Oesterle, Jordan",D,150,-3.807998126321794
8b6563d6-4321-a561-d6be-2532b12ba7fa,"Sedoff, Christoffer",D,241,-3.8128838741902524
0d3d8f91-b7fc-3d13-09dd-0e51c390ed6f,"Crotty, Cameron",D,222,-3.819097962150282
8a45aeeb-45e5-0a8f-5837-39bccade3f72,"Phillips, Isaak",D,133,-3.8578887043934063
432d0e7c-2d69-f44f-69c9-227f410e8f8b,"Balinskis, Uvis",D,162,-3.8600103273116977
f1937835-c76d-d8c7-30ed-20c1c5ef0297,"Stephens, Devante",D,196,-3.8816920989494044
5d57a0cd-df56-aefd-3d80-d4fb6925e3fe,"Grushnikov, Artyom",D,230,-3.8892497603773437
8eeee104-b93e-904a-fca1-953e9b5ecef8,"Krygier, Cole",D,149,-3.908972321910703
8682f8c1-304a-51d9-6663-158ca58fa6c9,"Didier, Josiah",D,196,-3.9155596506632313
aa7242ad-c419-33d4-6be1-f8132fc80b23,"Skinner, Hunter",D,182,-3.9883901822434416
623d5826-500c-1a77-1262-248a6f10c0f5,"Hoefenmayer, Noel",D,175,-3.9928643195958844
68279cec-5e6b-21a0-ab19-e021e0f21161,"Kampfer, Steven",D,172,-4.033910795094667
0af3f2e3-7646-a092-4313-a467ee77fcdd,"Hunt, Daemon",D,224,-4.050899659681853
6619f4e6-237f-7851-e50f-2f41769d8604,"Belpedio, Louie",D,109,-4.0532014530279055
ecbd0ea2-3043-731c-3cbf-94053cd3f09b,"Callahan, Michael",D,262,-4.080586932195385
9f51a34c-54a1-ed9f-ac4a-2983803bd170,"Benning, Michael",D,261,-4.108118505210972
98eea6fc-1c6b-1d5e-b49a-1805806aa62d,"Seeley, Ronan",D,196,-4.118912085155546
14568715-544f-38ee-cb86-8c20590b8d5c,"L'Heureux, Zachary",LW,193,-4.143946348100018
3c2ab360-a121-0ed0-f646-981b7b371eda,"Gleason, Benjamin",D,238,-4.174657857894814
89496936-17db-d59b-7685-79638c1412b6,"Samson, Ethan",D,225,-4.208699890737894
672ffc35-8e85-ea3b-657e-edb622ab1ab6,"Kemp, Phil",D,200,-4.2694549835419044
55cc8f3f-7a32-8ad1-8610-b07c2a765fd7,"Rafferty, Brogan",D,249,-4.276220057658168
62d8d552-b95a-dea2-1bdd-bb508f1d8a81,"Fitzgerald, Cavan",D,204,-4.278266245422179
7779d05b-bf33-9acd-a1a5-bb2e852f4a3f,"Fensore, Domenick",D,115,-4.283612443585297
9e7656e6-afdd-5100-adf6-0e1485917da6,"Thompson, Jack",D,270,-4.317304409802467
f2e05df5-d44c-ae54-40b6-64ec7d896201,"Haman Aktell, Hardy",D,207,-4.3562387651011765
37dd6e8a-790f-cc3c-96d4-f482131faebf,"Wilsby, Adam",D,209,-4.405260582638202
3ed6a15c-aa34-a886-9041-868c9e52bc0e,"Bauer, Tyrel",D,226,-4.411180523568985
78f83485-b2fd-78da-b419-b007bedcb832,"Lambos, Carson",D,301,-4.415929909367949
e65ca9b5-c8df-ffbc-89b2-817c38cf0efc,"Nielsen, Tristen",LW,272,-4.465408220355882
74b34051-a8e4-0c93-c92e-e234ad2695de,"Schmelzer, Ryan",C,253,-4.471895167342245
800573f9-983d-f26c-6768-3c97219f0f85,"Allan, Nolan",D,230,-4.52951340757085
805e3414-06c4-31b9-75fc-b1ca4a97ae2c,"Peters, Alexander",D,157,-4.529900515005066
933793a1-349e-90c0-babf-a1dd14e6511f,"Hatakka, Santeri",D,212,-4.539776787375032
3a14b096-ab58-d9b4-31a1-4431e06e9893,"Del Gaizo, Marc",D,249,-4.640051475551252
24e877cf-3574-a5f2-8b07-8dbb117f561d,"Gravel, Kevin",D,251,-4.653297441542296
955da2f1-7e1c-2664-a321-5bb6d9f549bd,"Mukhamadullin, Shakir",D,241,-4.6766502615451
c1432ccc-4036-14a9-50ed-a495c7b5aaba,"McWard, Cole",D,203,-4.73554550865335
e70f8783-350d-ffc7-9c50-bb5f21a9c1e9,"Mailloux, Logan",D,244,-4.737599969751909
8442a8c0-dd62-152e-c0ce-60870675dd26,"Wanner, Maximus",D,258,-4.768362163340715
cd5a8c34-6586-e86b-765b-2dff9f65c51d,"Andrae, Emil",D,218,-4.793372084210645
1dfcd1ff-c0ed-4748-a27d-0b8099d066e3,"Dello, Tory",D,232,-4.835871180065364
8976400f-0b82-983e-4666-56338945a0fd,"Bisson, Tobie",D,237,-4.839331324483144
6379a6a3-1514-33bc-effa-81a9344f2d13,"Barteaux, Dawson",D,263,-4.852725085268079
8750d372-0576-0fce-74d6-1a871d154ade,"Renouf, Dan",D,249,-4.948135815657961
a22368c1-7f43-4c9e-20c1-482af6c7ce36,"Trudeau, William",D,237,-4.967899585971838
2f0f6eea-d3b1-2226-ceaa-3779abcbff69,"Szuber, Maksymilian",D,259,-4.971930097206047
a811daaa-9356-2318-9e10-11e1e2dea90f,"Gaunce, Cameron",D,148,-4.9997393721555055
def7057c-c63b-ba5b-6622-d71d6a64838f,"Strand, Austin",D,214,-5.003112594235355
d8fed174-fcfd-8e02-be75-ae2b239ab2cd,"Green, Alex",D,155,-5.029611554242731
40b0831f-a686-8996-c0d1-ffbaf8b68616,"Carlile, Declan",D,231,-5.14704448856189
815dbceb-8111-3b17-f4aa-3b5c7a6c0c43,"Coghlan, Dylan",D,261,-5.149220125066947
718d4ab2-3efc-3646-2586-f9bf06d844e8,"Hagg, Robert",D,165,-5.15398061175466
d06b76a3-3d86-0789-4ece-8c2bbb8dac2a,"Bischoff, Jake",D,303,-5.226316605289476
ceb902b0-32d0-36e3-14ef-891ac5662cce,"Vilen, Topias",D,268,-5.387538074126062
533724e1-ab7f-8b95-8049-65aba9809721,"Ness, Aaron",D,306,-5.40296108182153
3b45ddb8-fde0-99cf-6165-f66bd4462ddb,"Salo, Robin",D,259,-5.403367034565432
5bb494aa-a79b-c741-618c-a11e145668e0,"Cecconi, Joseph",D,191,-5.512787047220717
a8b58f4d-a821-d7b0-b74e-f537ad471336,"Sautner, Ashton",D,265,-5.521440023335068
6c3c93f5-8e6b-ecc2-be4b-8d7a1788438f,"Kalynuk, Wyatt",D,284,-5.598977945368697
397ed1a1-984e-b4e0-ef52-0edc268d59bc,"Kessel, Matt",D,167,-5.602351581642926
cbbf55f5-9496-ac26-5465-bc1dd9bc474f,"Kleven, Tyler",D,226,-5.614907125949968
4b1c4f85-f533-4ddb-1d2e-b0f38afa4cf4,"Matinpalo, Nikolas",D,281,-5.632217138264908
efbd8365-7b4a-13f4-6a00-d77d11d64910,"Christiansen, Jake",D,240,-5.7642699955713335
262628d6-d96f-8dea-72e2-0aece98b7fff,"Brouillard, Nikolas",D,293,-5.777136561686395
fc2fdeb8-f765-d874-c079-e534fe36e8a2,"Hillman, Blake",D,233,-5.78180510801183
9cdb062f-6fc7-e205-1858-d4f6f32237a4,"Johansson, Albert",D,278,-5.7992095667095045
7b2af16f-2fcd-866c-38c3-e85484494645,"Del Mastro, Ethan",D,302,-5.8090408188022415
2cb7c2e9-6da3-f835-9636-f6c67c6c362e,"Lajoie, Maxime",D,203,-5.8221754973906235
e4f4914a-cdb7-1be0-bfb6-d756aa6b7b8d,"Johansson, Simon",D,290,-5.860830100962001
fd505638-2f70-f361-176c-a6c89bd97850,"Iorio, Vincent",D,265,-5.863477291501635
a5a0b510-df00-f72a-f892-86dc36da148c,"Clayton, Cole",D,278,-5.878599847752997
ad355380-2d07-14ba-406d-9239a635419e,"Kokkonen, Mikko",D,233,-5.962581169633265
630a1773-ff25-478d-a32d-4109d5924b0c,"Kiersted, Matt",D,216,-5.96718982994862
41e53b2c-3ed6-f9b5-29a4-68ffe996db5f,"Dineen, Cam",D,225,-6.0576927157383205
54ad8812-393e-5ec6-9bf7-c683bb59ab88,"Vukojevic, Michael",D,165,-6.079887229714689
ce6e3edf-e901-06ab-00b5-185583eeb8ae,"Ouellet, Xavier",D,189,-6.126908092006212
83210d48-c6d5-b414-a3fb-fb523e0d9a31,"Cholowski, Dennis",D,288,-6.142101406771491
f045664f-80a6-44de-69e1-20d9f0ae7af4,"O'Rourke, Ryan",D,296,-6.298433931094299
531dd357-139b-1c75-674c-f969c000c7ae,"Zboril, Jakub",D,179,-6.356709209730615
a4295efe-fc21-2338-bbe4-dced606dadca,"Wallinder, William",D,256,-6.382648148577376
0f5d506b-581b-3d01-5aaf-a5b5d36bdfab,"Rosen, Calle",D,304,-6.457556145177032
b12fdd9e-316f-4faf-3cac-069ae626093c,"Kinnunen, Santtu",D,247,-6.508204481518291
3558373a-9473-802d-31f9-667a44e97b57,"Scanlin, Brandon",D,269,-6.599127339566302
251a2f59-76d1-290c-b7a1-729a090a8aaf,"Donovan, Matt",D,273,-6.6016557638739
dd485778-5783-6b9b-187c-020bf03f4531,"Rifai, Marshall",D,235,-6.832724703465529
47e607eb-374a-751f-1987-8f08b7f86fbe,"Ahac, Layton",D,307,-6.95096109874894
f19f09de-127d-97a1-6265-d5a27b837129,"Thomson, Lassi",D,274,-7.044797399495567
0a1c9c34-5a23-e5ef-85e7-5ea4c9f85af2,"Kuznetsov, Yan",D,226,-7.154779325989931
b275b038-e474-6565-4b4b-a2265fec696a,"Irwin, Matt",D,282,-7.220371434445597
a4d2e13f-2638-0209-d549-144462a538a9,"Russo, Robbie",D,312,-7.336698133136609
8d804f94-929c-61f0-d793-406c27b0f3f5,"Johansson, Filip",D,264,-7.51482765965817
00f266b8-6b50-005b-cde2-3aa1f6d30db3,"Helgeson, Seth",D,260,-7.590135036339221
8b41332b-b440-ce88-6f7c-1d51e70c4c6a,"Davies, Jeremy",D,261,-7.60365942790953
65327d7e-6886-5ff4-3e14-b0a655b531a4,"Santini, Steven",D,262,-7.637377829322705
df3c2b16-0554-1f80-bea5-3560b9b6a998,"Woo, Jett",D,276,-7.843722451844014
355acc16-c566-85e1-999f-aebfac4b68eb,"Wotherspoon, Tyler",D,262,-8.095372876012101
7a8b62e2-0b6b-1e9b-788c-0338df40543e,"Regula, Alec",D,267,-8.296118224226433
62d071bf-6133-a7ae-90ad-66b34dc7b39c,"Lundmark, Simon",D,312,-8.568508919474654
bf2ac865-06ab-adb3-95eb-a4d80117aee8,"Schuldt, Jimmy",D,248,-8.6352952110508
f7bf7586-8882-91c7-304d-4b970c52c9d5,"Larsson, Jacob",D,305,-8.97559017974337
b1af8af7-bec4-8140-315c-a328ad668097,"Livingstone, Jake",D,240,-8.996471242633824
ed669304-9d26-cfe7-8e5c-4bb862411534,"Ginning, Adam",D,259,-9.025956753159905
003a207c-5852-cbf5-bae2-cbd94421b4db,"Fitzgerald, Casey",D,285,-9.081317452544305
7e254e63-e8be-d9ca-6ad5-d6c350f4b59b,"Koch, Patrik",D,266,-9.699111962223574
672c5ab2-c18e-1dff-3366-1739eadb7e5b,"Middleton, Keaton",D,281,-9.898785559000537
7bb84983-aea1-e050-01cb-3b9caba8dea9,"Cicek, Nick",D,337,-13.375570329199743
