player_id,player_name,position,n_press,n_rows,total_positioning,total_execution,total_check,check_per_press
20e6209d-373a-ce4a-1c9c-0a40ea6ef7ff,"Katchouk, Boris",LW,1,2,0.05284341078950092,0.19647427733289077,0.2493176881223917,0.2493176881223917
b01afbd7-6ec9-96e1-f267-7cc7dee4dea0,"Bemstrom, Emil",RW,2,3,0.0019269156883638062,0.2803624847115316,0.2822894003998954,0.1411447001999477
b4bdcf7d-af7f-59d1-384b-4f207395ee19,"Brink, Bobby",RW,2,8,-8.593846587245935e-06,0.24481603017701933,0.24480743633043206,0.12240371816521603
65487019-1991-79e8-c505-981beb0636d0,"Ohgren, Liam",LW,1,4,-0.0003939876158256084,0.11688591193669709,0.11649192432087148,0.11649192432087148
62da8db3-43ba-54cd-41cb-1eedac95ba17,"Beaudin, Nicolas",D,6,9,-0.0003270172368502244,0.6731264174781244,0.6727994002412743,0.11213323337354571
eaab14dd-8505-cdf5-3f38-9f935e6969f3,"Nemec, Simon",D,5,8,-0.016996009087870332,0.5287607873884856,0.5117647783006153,0.10235295566012306
5051b123-581a-7b4e-d99e-a179a9cccd3b,"Kudla, Patrick",D,2,2,-0.015059804464817717,0.19733736469888755,0.1822775602340698,0.0911387801170349
97bce0c4-5f30-32b1-ab97-83c174303222,"Misyul, Daniil",D,21,57,-0.08968255164459152,1.9526935148960851,1.8630109632514935,0.08871480777388065
8c885fad-a1cf-d44e-ff3c-1975721abdbc,"DeSimone, Nick",D,5,14,-0.0016126279300806346,0.44457773532210315,0.44296510739202255,0.0885930214784045
bcfc449f-d442-64d4-e387-32dabfcda765,"DiLiberatore, Peter",D,7,13,0.2681302163966393,0.34699271493691414,0.6151229313335534,0.08787470447622192
45a2c93b-c050-c12e-b8d2-9d002eef5804,"Zary, Connor",C,4,17,-0.002574148969597445,0.3417168178500833,0.33914266888048583,0.08478566722012146
eeab9820-8fb9-1fe7-a710-54c9e7a4e778,"Chisholm, Declan",D,6,17,-0.00043315476386851515,0.479926014870629,0.47949286010676057,0.0799154766844601
2bac8c42-d730-5703-9583-b7cebb96c736,"Thrun, Henry",D,9,11,-0.04035706029067115,0.7533285420661286,0.7129714817754575,0.07921905353060639
f6efd579-5ea6-2224-2dac-5197e2f9090c,"Myers, Philippe",D,20,41,-0.02566713791791244,1.6034350164693378,1.5777678785514253,0.07888839392757127
c35114ac-3137-f740-106a-393d981645d3,"Ludvig, John",D,6,16,0.21429887443118786,0.2511888812686266,0.46548775569981443,0.07758129261663574
3fa9dd4a-efae-a4f4-e00c-d5885556b815,"Meyers, Ben",C,7,23,0.07791119086182334,0.4199857501380519,0.49789694099987525,0.0711281344285536
3bf23b92-9a1d-7c1c-38fc-d173028e1fca,"Fedun, Taylor",D,16,40,-0.028119652617442627,1.1172454594652015,1.089125806847759,0.06807036292798493
add71ad9-21c0-6eb3-ed18-205596e41672,"Puustinen, Valtteri",RW,13,44,0.3183397483570616,0.5394286249272295,0.8577683732842911,0.06598218256033009
d08159e8-335c-017c-ec2d-22575807193d,"Okhotyuk, Nikita",D,5,7,-0.04273325491012657,0.36938667142312626,0.3266534165129997,0.06533068330259993
623d5826-500c-1a77-1262-248a6f10c0f5,"Hoefenmayer, Noel",D,21,55,-0.1851832540115538,1.5472193836966972,1.3620361296851435,0.06485886331834016
5e07be36-1384-d298-ee92-4894ea6da4da,"Francis, Ryan",F,6,15,-0.2432120671994653,0.6213499029249306,0.3781378357254653,0.06302297262091087
92ba8cca-e560-cb08-e2d6-15259ce631d1,"MacEwen, Zack",RW,2,6,-0.17095385910506594,0.29647628056336545,0.1255224214582995,0.06276121072914975
472ae96c-4b00-987d-520b-b7574439702c,"Carpenter, Ryan",C,4,13,0.004369673613496161,0.24342390630123606,0.24779357991473222,0.061948394978683055
425891d3-f7cd-c14c-6c9e-25c8e218baed,"Helleson, Drew",D,26,83,-0.11020236514700628,1.7039327217390505,1.5937303565920444,0.06129732140738632
e85322f9-3cab-0b5b-4435-ed9cd9ef008c,"Dzingel, Ryan",F,3,9,-0.013395949040568667,0.19422462254915446,0.18082867350858578,0.06027622450286193
672c5ab2-c18e-1dff-3366-1739eadb7e5b,"Middleton, Keaton",D,36,96,-0.19870580120366413,2.3517200551381303,2.153014253934466,0.05980595149817961
3c2ab360-a121-0ed0-f646-981b7b371eda,"Gleason, Benjamin",D,26,72,0.03568555583296985,1.5127737392366423,1.548459295069612,0.05955612673344662
f2811315-a63a-c5b6-95d0-80e2cb18975e,"Pospisil, Martin",C,4,19,-0.00038558042824661244,0.23722286980999796,0.23683728938175136,0.05920932234543784
a4d2e13f-2638-0209-d549-144462a538a9,"Russo, Robbie",D,33,76,-0.20604782708310268,2.1340698186034617,1.928021991520359,0.05842490883395027
4b1c4f85-f533-4ddb-1d2e-b0f38afa4cf4,"Matinpalo, Nikolas",D,30,83,-0.024506330921599328,1.7434862990687876,1.7189799681471885,0.057299332271572946
65c9be45-0771-6bcb-0263-5b74fc8423af,"Carrick, Trevor",D,34,68,-0.005812257055322334,1.9172047360119189,1.9113924789565966,0.05621742585166461
1da47f43-7819-0b12-6759-4d9cbe68416c,"Stewart, Dean",D,23,68,-0.06102279126926078,1.3424268554595915,1.2814040641903306,0.055713220182188286
b7459409-30b2-bc6e-e869-0a99b09589c8,"Jones, Caleb",D,5,13,-0.14787289264095307,0.42298067818226626,0.2751077855413132,0.05502155710826264
c6548f66-32fe-d071-8807-3d92f9c63357,"Clurman, Nathan",D,21,64,-0.12104522483799655,1.2565083554901835,1.135463130652187,0.05406967288819938
9fe70024-cd66-80eb-aa49-5618b43fa865,"Knyzhov, Nikolai",D,16,38,0.10681481432870897,0.7415889685893136,0.8484037829180225,0.05302523643237641
e687b686-2fb1-2fe6-dce2-df6b6c938539,"Ahcan, Jack",D,32,99,-0.03651636127913206,1.7247510103870576,1.6882346491079254,0.05275733278462267
fcc211ea-3d12-1067-28c0-3465b4cb586d,"Hajek, Libor",D,2,3,0.0011824449118648772,0.10256010101338688,0.10374254592525176,0.05187127296262588
05017054-7f2a-ab0a-f2bf-9c685b7f0789,"Mastrosimone, Robert",LW,23,107,0.23100855370673795,0.9536414634826095,1.1846500171893475,0.051506522486493365
66cb9389-fb62-0a30-a1e9-2be938f5ed7c,"Solovyov, Ilya",D,19,57,0.3146676774427988,0.6386269257111589,0.9532946031539576,0.05017340016599777
eeb9d4d1-0d23-550d-2796-42a09d440711,"Pouliot, Derrick",D,36,110,0.06670397193208828,1.7113912971354586,1.778095269067547,0.049391535251876305
83210d48-c6d5-b414-a3fb-fb523e0d9a31,"Cholowski, Dennis",D,30,72,-0.06544932491373175,1.546747588918545,1.481298264004813,0.04937660880016043
d163f9d0-a5ca-a57a-ab12-4e96fc510ae2,"Rathbone, Jack",D,19,47,-0.2535024068929033,1.1868488885979818,0.9333464817050784,0.049123499037109386
ad355380-2d07-14ba-406d-9239a635419e,"Kokkonen, Mikko",D,30,91,0.359161017497172,1.0871903348636396,1.4463513523608114,0.04821171174536038
234b7ce2-888e-e9aa-4752-601f5b79ea81,"Walsh, Reilly",D,16,40,-0.052210397593444216,0.8200876529807647,0.7678772553873204,0.04799232846170753
321ccb94-26f9-bf52-17cf-db4a8b4d324d,"McCartney, Ben",F,18,60,-0.16012097037022385,1.0150125416290772,0.8548915712588534,0.04749397618104741
6815a801-6584-a22a-0db0-2dc6e23d8928,"Capobianco, Kyle",D,50,137,-0.15294466574564466,2.5238721032510414,2.370927437505397,0.04741854875010794
5ed92cf2-bc71-8b27-ceef-13805029dcbc,"Lapierre, Hendrix",C,11,52,0.02063844281024103,0.49122623256431325,0.5118646753745543,0.04653315230677766
54ad8812-393e-5ec6-9bf7-c683bb59ab88,"Vukojevic, Michael",D,27,74,-0.0006924645577328191,1.2437443161724286,1.2430518516146958,0.046038957467210956
7f38f375-6f8b-a621-c862-3ae701f326c6,"Schueneman, Corey",D,30,93,-0.04531654987667933,1.424858601725022,1.3795420518483428,0.04598473506161142
9bb10472-226c-b81a-f090-f474f37bf428,"LaDue, Paul",D,27,65,-0.10740196236597511,1.34632478602988,1.238922823663905,0.045886030506070555
dd485778-5783-6b9b-187c-020bf03f4531,"Rifai, Marshall",D,16,43,-0.036876181982029264,0.7690617760176542,0.732185594035625,0.04576159962722656
987b6366-d0e8-ced6-e37d-95f8ca177630,"Carlsson, Lucas",D,28,91,-0.15541463998451943,1.4315370787694814,1.276122438784962,0.04557580138517721
f8513815-ad09-b742-fef8-9814f2313b80,"Steen, Oskar",RW,17,68,0.068524558404215,0.6924356659938896,0.7609602243981046,0.04476236614106498
e4f4914a-cdb7-1be0-bfb6-d756aa6b7b8d,"Johansson, Simon",D,35,72,-0.32205519532199106,1.8886053881753773,1.5665501928533863,0.04475857693866818
ba6ccd17-6b01-8ed6-8af9-e37cd98df349,"Fagemo, Samuel",LW,27,94,0.647997026085477,0.55469807131433,1.2026950973998072,0.04454426286665952
7f87b4e4-74a0-39b3-ec2d-526b02fbdfe0,"Wolanin, Christian",D,20,55,-0.0822403748931265,0.9487740521402654,0.8665336772471389,0.04332668386235695
672ffc35-8e85-ea3b-657e-edb622ab1ab6,"Kemp, Phil",D,20,50,0.03709403214252234,0.8263877657569139,0.8634817978994362,0.04317408989497181
5b0ef27c-6a26-8323-1b85-bf91f79d76d2,"Stephens, Mitchell",F,27,91,-0.022131774049375965,1.180398006614683,1.158266232565307,0.042898749354270634
9deea627-59bf-c37e-d041-5160edc3ac73,"Boqvist, Jesper",C,19,71,0.019145807148447606,0.7931875773008352,0.8123333844492828,0.04275438865522541
0fc2aec6-40be-303c-e3c0-f99a7402a6c5,"Barre-Boulet, Alex",C,11,38,-0.128722672432491,0.5938934845296059,0.46517081209711486,0.04228825564519226
65195a5e-8639-a163-d566-03adc8582060,"Tuomisto, Antti",D,30,78,-0.21054199234970383,1.472019914376732,1.2614779220270282,0.04204926406756761
cd5a8c34-6586-e86b-765b-2dff9f65c51d,"Andrae, Emil",D,24,65,-0.14403236141843082,1.1500432750248675,1.0060109136064366,0.04191712140026819
beb04132-9c13-08d6-e1fb-01fa5272d50c,"Kiviranta, Joel",LW,2,14,-9.405216781033232e-05,0.08390886098717183,0.0838148088193615,0.04190740440968075
a0de9f22-44da-3274-37de-11b5b6d222d6,"Luce, Griffin",D,4,18,0.00650764793936105,0.1605796676136985,0.16708731555305956,0.04177182888826489
c1432ccc-4036-14a9-50ed-a495c7b5aaba,"McWard, Cole",D,26,45,-0.0798575511503941,1.1613676804868267,1.0815101293364326,0.04159654343601664
3b45ddb8-fde0-99cf-6165-f66bd4462ddb,"Salo, Robin",D,29,65,-0.40775345342431135,1.611416888057458,1.2036634346331465,0.041505635677005055
718d4ab2-3efc-3646-2586-f9bf06d844e8,"Hagg, Robert",D,17,36,-0.012131630069416133,0.7140851040315223,0.7019534739621062,0.041291380821300364
e1eda887-4254-92a8-6144-360df62f16c1,"Arseneau, Vincent",LW,20,71,0.2206429984569013,0.6018886644471466,0.822531662904048,0.0411265831452024
b9f1b352-9b5d-ada7-2fc9-1ce3ed96cfa1,"McPhee, Graham",LW,20,72,0.2913020542544473,0.5289406257703583,0.8202426800248056,0.04101213400124028
0ac29755-f1de-15b2-904e-d17a9ed4fac8,"Fleury, Cale",D,33,95,0.35786916131949054,0.9929309140946148,1.3508000754141052,0.04093333561860925
b515a4d8-b6ba-5e9c-808c-3ab9484fcd14,"Zellweger, Olen",D,18,53,-0.04079564196990759,0.7741724705898193,0.7333768286199117,0.04074315714555065
4a0e87a5-8802-a049-3d39-4dcf34e5a10c,"Johansen, Lucas",D,9,23,0.45699100825377176,-0.09050069735170231,0.3664903109020694,0.04072114565578549
d5cbd975-fd60-baee-98cf-7ef20bd4859f,"Gauthier, Julien",RW,13,43,0.11193506412730586,0.4136239832002603,0.5255590473275661,0.04042761902519739
e8fea67a-8042-8fda-08b4-f058368fe357,"Bolduc, Zachary",RW,30,121,-0.07301552966016517,1.2554483005320967,1.1824327708719315,0.03941442569573105
4e579c02-16bc-bac7-ced8-63eecf89a8b9,"Foote, Nolan",LW,2,8,-0.001733472815976711,0.08031546034229298,0.07858198752631626,0.03929099376315813
1a8b325b-f423-4cca-aafc-bd79e3ab00b6,"Schmiemann, Quinn",D,11,28,0.01854428048259251,0.4128462170422093,0.43139049752480185,0.03921731795680017
955da2f1-7e1c-2664-a321-5bb6d9f549bd,"Mukhamadullin, Shakir",D,32,79,0.17228098228124505,1.0821727084255872,1.2544536907068322,0.03920167783458851
fc4b5423-4463-8a2b-f319-30916f7c8928,"Olofsson, Fredrik",C,6,18,0.11203351439889957,0.12274892636341975,0.2347824407623193,0.03913040679371988
24e877cf-3574-a5f2-8b07-8dbb117f561d,"Gravel, Kevin",D,24,51,-0.10603649882391437,1.0429086440732287,0.9368721452493144,0.0390363393853881
40b0831f-a686-8996-c0d1-ffbaf8b68616,"Carlile, Declan",D,34,67,-0.3430206527396876,1.6681205162291675,1.32509986348948,0.03897352539674941
022e15e8-84c5-2103-7225-91ae7102aaa0,"Lysell, Fabian",RW,35,142,0.37714720396388657,0.9842467120237356,1.361393915987622,0.03889696902821777
bcd88228-d322-91a4-38aa-2ac368186ee3,"Holloway, Dylan",LW,18,61,-0.019898325588292215,0.7145583343126721,0.6946600087243799,0.03859222270691
003a207c-5852-cbf5-bae2-cbd94421b4db,"Fitzgerald, Casey",D,39,136,0.49096680132606707,1.0119795495181672,1.5029463508442342,0.038537085919082927
e32c54a9-ee8c-8682-2ead-a00fcc67c40f,"Mete, Victor",D,28,60,-0.20568694366884305,1.2790853052703857,1.0733983616015426,0.038335655771483665
5ad461c4-01e6-3090-18c9-0aa215276809,"Gushchin, Danil",F,48,184,-0.18708715970774392,2.019067874253882,1.8319807145461382,0.03816626488637788
bf2ac865-06ab-adb3-95eb-a4d80117aee8,"Schuldt, Jimmy",D,35,83,-0.1706326871209967,1.4953649504209436,1.3247322632999468,0.03784949323714134
9ba734ab-eb7b-f21a-f8f4-737e7fd707b8,"Desnoyers, Elliot",LW,36,151,-0.017684799945618578,1.3737223918758665,1.3560375919302479,0.03766771088695133
55cc8f3f-7a32-8ad1-8610-b07c2a765fd7,"Rafferty, Brogan",D,41,84,0.0455367726041004,1.4959560465451007,1.541492819149201,0.037597385832907344
9e0e0f1c-bcac-2b93-5f18-622924dfb131,"Gawanke, Leon",D,24,55,0.17360175787800924,0.7267146196606704,0.9003163775386798,0.03751318239744499
c5bb348a-a28c-3c1a-4f75-6eda7f448443,"Simek, Radim",D,28,53,-0.3097289186821854,1.3563779680375894,1.046649049355404,0.03738032319126443
b8c6b250-84bc-2be1-fefe-d5c971f905cd,"Lettieri, Vinni",C,13,54,-0.004831577818163168,0.4883455846838197,0.48351400686565654,0.037193385143512045
5cee66d8-083a-7d7b-bf0f-b11fb30cbebb,"Tracey, Brayden",RW,43,147,-0.08769201926425012,1.6666396173994107,1.5789475981351604,0.036719711584538614
95faf17f-eeab-555e-2e51-7af990402dc6,"Samoskevich, Mackie",RW,30,118,0.37967959485340547,0.7154665513478643,1.0951461462012697,0.036504871540042325
47e607eb-374a-751f-1987-8f08b7f86fbe,"Ahac, Layton",D,34,102,-0.1495203039696662,1.3885956246120756,1.2390753206424094,0.03644339178360028
11ae7263-a7e4-4c1e-e2c2-45387d3e3070,"Nousiainen, Kim",D,27,65,-0.2886312978204842,1.2697981638905125,0.9811668660700282,0.03633951355814919
5d3ec04f-99d1-f8e7-920a-64e25e9453a6,"Lyle, Brady",D,25,48,-0.4727366153700586,1.377505420676742,0.9047688053066835,0.036190752212267335
73819ce9-d8cf-b983-9994-bf279611d66f,"Hutton, Grant",D,27,82,-0.3661767502031125,1.3298398383968706,0.963663088193758,0.035691225488657705
9fe3605d-f4f9-9c7f-e12d-760d6cc2d387,"Jost, Tyson",C,3,10,0.0007621931147014039,0.10599617412157918,0.10675836723628057,0.035586122412093524
0ae96538-0067-681c-06a1-290633a469a2,"Vande Sompel, Mitchell",D,14,38,-0.01281145745451795,0.5107503071154497,0.4979388496609317,0.03556706069006655
e0dac365-8533-2a57-86d0-8b89b436e72b,"Stastney, Spencer",D,21,64,-0.07404723878219102,0.8175063768485408,0.7434591380663498,0.035402816098397606
0f5d506b-581b-3d01-5aaf-a5b5d36bdfab,"Rosen, Calle",D,28,64,-0.021075321194439313,1.0123177200405387,0.9912423988460993,0.035401514244503544
a434fff2-8e1b-5bc6-1759-b545496778b5,"Edvinsson, Simon",D,32,60,0.23357403693914874,0.8976647690347273,1.1312388059738758,0.03535121268668362
0a1c9c34-5a23-e5ef-85e7-5ea4c9f85af2,"Kuznetsov, Yan",D,23,57,-0.19109174560611564,0.9993499458926854,0.8082582002865698,0.03514166088202477
b233d426-2432-2abd-cb57-c1f6ca4aab46,"Wotherspoon, Parker",D,10,21,0.00041616587695898484,0.3498618028739353,0.3502779687508943,0.03502779687508943
ba2bb7e1-15a0-1473-7e9a-f985226ddac1,"Corcoran, Connor",D,2,4,9.493735979049235e-06,0.06993354810447272,0.06994304184045178,0.03497152092022589
262628d6-d96f-8dea-72e2-0aece98b7fff,"Brouillard, Nikolas",D,24,57,0.07776881882330142,0.7601374101402076,0.8379062289635091,0.034912759540146214
b4c49715-ce5c-cd2a-f4a2-c1bfe64fe7c7,"Novikov, Nikita",D,23,57,-0.11772717456897226,0.913336029398941,0.7956088548299687,0.03459168934043342
eae1ab79-80df-8541-6b6a-a86ae9097d08,"Slaggert, Graham",C,20,63,0.005350201739474872,0.6862375137466297,0.6915877154861045,0.03457938577430523
b7040b98-e0ad-fc0e-361b-5bbecc555942,"Evans, Ryker",D,26,69,-0.17054847432375483,1.0687538707865238,0.8982053964627691,0.0345463614024142
f1937835-c76d-d8c7-30ed-20c1c5ef0297,"Stephens, Devante",D,26,47,-0.04703852566881324,0.9429763019055302,0.8959377762367169,0.03445914523987373
5ca139e0-c1ce-a588-4a40-483273d8754c,"Smith, Nathan",C,30,107,0.8012301973238208,0.22444023312392142,1.0256704304477424,0.03418901434825808
195db92d-b85c-e1c2-0f7e-6f1cb57dde82,"Hudon, Charles",F,34,102,-0.19409465152066332,1.3483980366286163,1.154303385107953,0.03395009956199862
901235fc-1283-6bef-78e7-d9ba49b910c5,"Benoit, Simon",D,1,5,-0.0008867710514095962,0.034375599752129345,0.03348882870071975,0.03348882870071975
5a5d0830-e103-4d21-f233-e649aa2cb119,"Kesselring, Mike",D,5,18,-0.0059875236973311995,0.17074865079111382,0.1647611270937826,0.03295222541875652
8b41332b-b440-ce88-6f7c-1d51e70c4c6a,"Davies, Jeremy",D,27,59,-0.2940391361992624,1.1827746063292368,0.8887354701299742,0.03291612852333238
44ad96dc-c0b6-9c77-310a-42c86826d41a,"Cormier, Lukas",D,39,105,-0.06807350128710823,1.3415414746754555,1.2734679733883474,0.03265302495867557
e936a4e7-0304-42aa-1ad8-269904d96714,"Karlsson, Linus",C,47,194,-0.21954444535448375,1.7502295303955844,1.5306850850411007,0.03256776776683193
332983fd-d9b9-3b78-fe67-9b985bf20d66,"Olofsson, Gustav",D,16,39,0.417094593342074,0.10397797508890182,0.5210725684309758,0.03256703552693599
b0ca309f-321f-7119-6c17-cf1437cc9bd8,"Elynuik, Hudson",F,37,138,0.38174486111406625,0.8223934801616835,1.2041383412757496,0.03254427949393918
4b82112b-52bb-febc-3fbb-b51f3d1a7dd1,"Brind'Amour, Skyler",C,32,126,0.048135654470797824,0.9888212787706635,1.0369569332414614,0.03240490416379567
69c1e284-b220-e453-250a-66413a82618e,"Studenic, Marian",LW,29,116,-0.1762389279550007,1.1123005276679703,0.9360615997129696,0.03227798619699895
178c4dba-943e-4f43-64ea-51402c33f28d,"Miroshnichenko, Ivan",LW,16,77,0.04415871258534025,0.46971246475149697,0.5138711773368373,0.03211694858355233
58783cc8-82b3-f9f3-fcf1-fec74713086f,"Soderstrom, Victor",D,34,75,0.0011659948542273924,1.0859446835978406,1.0871106784520679,0.03197384348388435
a0ee2ae4-f345-5203-c3b7-60b728f5f7fb,"Bichsel, Lian",D,7,12,-6.898500682837042e-05,0.22383854423576394,0.22376955922893557,0.03196707988984794
7a213ae8-292c-bc7f-83dd-7b14bdcadde1,"Berggren, Jonatan",RW,37,133,-0.05266811225130823,1.2338040218758668,1.1811359096245586,0.031922592152015095
a8b58f4d-a821-d7b0-b74e-f537ad471336,"Sautner, Ashton",D,31,88,-0.07053133052202157,1.05851720092223,0.9879858704002084,0.03187051194839382
1528eac5-8aa1-8745-fd3f-52cb7c35ab0d,"Seney, Brett",F,34,123,-0.2292149086953259,1.311279862781181,1.0820649540858551,0.03182543982605456
47ec1584-2245-2836-a706-e0835ffee601,"Andersson, Lias",C,28,116,0.451996274564749,0.4366525690049697,0.8886488435697187,0.03173745869891852
68314a41-fbd6-d896-fb13-c348f321b1e6,"Wedman, Matthew",LW,15,67,-0.08456558753248374,0.5594453251380558,0.47487973760557206,0.031658649173704805
e83be427-c991-506c-5133-ca5f4a743e97,"Day, Sean",D,22,36,-0.4547344629588679,1.1455433999974085,0.6908089370385407,0.031400406229024576
8dd277fe-98ea-6fe2-f846-af1ff688112e,"Leonard, John",LW,39,151,0.6043931647667705,0.6172006160801282,1.2215937808468986,0.03132291745761279
87bd2512-ca41-d650-0517-297bbfc26a41,"Philp, Luke",C,12,46,0.26221362932747067,0.11117293559458825,0.37338656492205896,0.031115547076838248
b8906cf1-9e34-5011-6bc4-1b7f5edaf259,"Raska, Adam",F,29,107,-0.23989871638439125,1.1415496967309646,0.9016509803465733,0.03109141311539908
1ec06797-c8bc-e24a-19ff-cf29896403c7,"Studnicka, Jack",F,29,151,0.38805534381976936,0.5130161074909358,0.9010714513107052,0.03107142935554156
42d8748f-fc64-ecc4-7d4b-36f4f690f0a6,"Malinski, Sam",D,15,57,0.05150966697109424,0.41335063129900546,0.46486029827009967,0.030990686551339977
8750d372-0576-0fce-74d6-1a871d154ade,"Renouf, Dan",D,35,104,0.3149984357395624,0.7679920562776903,1.0829904920172528,0.030942585486207225
67e1e8ce-d6e8-927b-8a0f-0eaf39b35fc6,"Pinho, Brian",F,47,204,-0.10842032667919739,1.5621015246132413,1.4536811979340438,0.03092938719008604
3c97dc1d-a952-5220-56df-de7a5c64c208,"Mcging, Hugh",F,36,136,-0.11815542200631625,1.2288618774237123,1.1107064554173962,0.030852957094927674
0753b094-9e2f-976d-85c8-d22a1d280e8d,"Jiricek, David",D,19,55,-0.0006870570489354594,0.5856040600502335,0.584917003001298,0.030785105421120947
f487f33a-87b9-43cd-d79f-02dac52c3dfe,"Meireles, Greg",RW,29,114,-0.03515570404117625,0.9257590197206829,0.8906033156795066,0.030710459161362294
251a2f59-76d1-290c-b7a1-729a090a8aaf,"Donovan, Matt",D,23,44,-0.6103260134755487,1.3143097582856096,0.7039837448100609,0.030607988904785256
58b0c680-a304-643d-ce76-6451b920519a,"Rau, Kyle",F,33,151,0.36998241145181504,0.6396299910699901,1.0096124025218052,0.03059431522793349
7e9f0d8e-e3cb-c9d9-5986-30ccc588774a,"McLaughlin, Blake",F,17,62,0.578554834753004,-0.05985324375459585,0.5187015909984081,0.030511858294024002
ad46103a-4d3e-9234-dee6-f970fd779e79,"Blidh, Anton",F,37,135,0.10488020245561527,1.023365758570527,1.1282459610261422,0.030493134081787627
b5213912-a849-6bc0-e07c-2b66d599713e,"Dean, Zachary",F,27,101,-0.14853333714254405,0.9704253005659619,0.8218919634234179,0.030440443089756217
0f052c34-6cd2-f4fd-a861-d9051a8e86e4,"Angle, Tyler",F,17,79,0.22060529226769177,0.28956154575579374,0.5101668380234855,0.030009814001381502
f2672d3d-1839-4bbf-958e-0af6458a7c50,"Broberg, Philip",D,20,71,0.15530444408982477,0.4420898758356494,0.5973943199254742,0.02986971599627371
f4381702-541d-bbce-d4ad-9ada397f80ec,"Cracknell, Adam",F,36,139,0.08945001437214159,0.9723349096276901,1.0617849239998316,0.02949402566666199
815dbceb-8111-3b17-f4aa-3b5c7a6c0c43,"Coghlan, Dylan",D,32,81,-0.08629293019939724,1.0288164753371274,0.9425235451377302,0.029453860785554068
3a3be5e0-324a-1af9-5d4c-39b304b8d17d,"Hebig, Cameron",C,35,134,0.275951127267399,0.7531358963399182,1.0290870236073173,0.029402486388780496
eae0f98c-c856-b1d8-3723-60b369cbf5c9,"Hardman, Mike",LW,44,193,0.1854568993403177,1.1010486210944852,1.2865055204348028,0.0292387618280637
c56cc222-6863-5331-3f3b-fdf23e0e6a8b,"Bernard, Xavier",D,1,2,-0.00762706918612821,0.03686578774286318,0.029238718556734968,0.029238718556734968
987469e8-a8b0-b09d-8171-9c3094253328,"Samorukov, Dmitri",D,32,74,0.6134097007275386,0.3152927802730845,0.9287024810006231,0.029021952531269473
8885b7bb-ab37-274e-de67-e4e0cb571d11,"Farinacci, John",C,45,163,-0.08420015125616373,1.3867151696188966,1.302515018362733,0.028944778185838512
e70f8783-350d-ffc7-9c50-bb5f21a9c1e9,"Mailloux, Logan",D,27,66,-0.19114755832563332,0.9669348226076143,0.775787264281981,0.028732861640073368
8dfc4cd9-4bed-d27e-f82a-aac7483571b8,"Stankoven, Logan",C,26,111,-0.04414050826253515,0.7907526896892912,0.7466121814267561,0.02871585313179831
00f266b8-6b50-005b-cde2-3aa1f6d30db3,"Helgeson, Seth",D,39,93,-0.13064759110346813,1.2491994585050734,1.1185518674016053,0.028680817112861672
5d03b81f-67cb-341f-bd17-e8a0a6527423,"Hunt, Brad",D,38,129,-0.27789468287010094,1.367124091926782,1.0892294090566812,0.028663931817281083
efe32eee-dd5c-b72b-7da9-d193d8e04efc,"Klapka, Adam",RW,36,138,0.2566296164044615,0.7746496083812218,1.0312792247856832,0.028646645132935647
c05db9ee-e2c8-5bba-3a20-cee81b8b04c1,"Butcher, Will",D,11,23,-0.15218065944877707,0.4645696630276386,0.31238900357886146,0.028399000325351042
ec19bc8b-8413-3a35-3a64-922eeb62d5a7,"Jankowski, Mark",LW,31,95,-0.20172265935390213,1.0818752932518434,0.8801526338979413,0.028392020448320687
a0555634-4279-dde8-209b-5fb7664923b9,"Wilson, Garrett",LW,33,145,-0.27262777146590905,1.208452471818825,0.935824700352916,0.028358324253118666
018b6c78-d796-f123-d662-5ca0a63393f1,"Aspirot, Jonathan",D,30,77,0.21286412059366738,0.6353331333922794,0.8481972539859468,0.02827324179953156
2b318d4d-2e7b-6d8c-98a7-7d85c71436c5,"Walker, Sammy",F,57,239,-0.10073275693082451,1.7054800329359283,1.6047472760051038,0.028153460982545682
93dd4a43-8051-720f-47cc-fa4250b969ed,"Cederqvist, Filip",LW,33,123,-0.05876542343454503,0.9871215333955554,0.9283561099610103,0.028132003332151826
58ff86bf-e659-f9dc-3f5f-6a51741e47ab,"Zohorna, Radim",C,18,71,0.2288415972861685,0.27469244282774286,0.5035340401139113,0.02797411333966174
29bef5a1-cfab-3a79-60d0-9389a42a0e4a,"Cassels, Cole",F,44,189,-0.04158025590877514,1.2716793011861975,1.2300990452774225,0.027956796483577784
e8165ae5-3c31-795b-1801-ef1618fd451f,"Hollowell, Mac",D,32,65,-0.005206260965655923,0.8972216705425504,0.8920154095768945,0.027875481549277954
87bdf491-4306-7ed7-527a-34835f166483,"Savoie, Matthew",C,3,19,-0.000563082010467042,0.08350572952300657,0.08294264751253953,0.02764754917084651
594759ce-c137-f893-62f5-d6b5ee7db55c,"Merela, Waltteri",RW,28,111,0.45434383382234955,0.3194605452792909,0.7738043791016405,0.027635870682201445
3368d715-4eb3-12ac-5ca3-637be728e649,"Comtois, Maxime",F,37,166,0.48367379028060214,0.5353158198821262,1.0189896101627283,0.02754025973412779
001f8fd1-bc74-2cc8-3e59-09a02532c938,"Nesterenko, Nikita",C,34,125,-0.24670535119844317,1.1809605542743047,0.9342552030758614,0.02747809420811357
c5c3387a-6e3e-1ae9-824c-315974f6414e,"Berard, Brett",F,39,130,-0.23919034891730462,1.3105148775954318,1.0713245286781272,0.02746985970969557
9108f109-2f27-6e12-5e0a-b692517acf4c,"Carrick, Connor",D,34,99,-0.2521724164802663,1.1860603533093066,0.9338879368290404,0.02746729225967766
ca8cc0d1-c1a3-322e-5d98-ffa66cded990,"McIlrath, Dylan",D,19,47,-0.09252226602370683,0.6131908105184164,0.5206685444947096,0.027403607604984715
9692be3e-1840-be44-346f-17fd56755724,"Henman, Luke",F,6,24,-0.0010676388619003773,0.16517606927518608,0.1641084304132857,0.027351405068880952
cdc94907-804c-5cef-ce85-830a04ee6718,"Hickey, Brandon",D,16,41,-0.14202734858422444,0.5787663190688292,0.43673897048460486,0.027296185655287804
12845e0c-fc7d-d76a-f026-bb69d8aad07e,"De Leo, Chase",LW,26,134,-0.014688098565625297,0.7230996088473034,0.7084115102816781,0.027246596549295312
b12fdd9e-316f-4faf-3cac-069ae626093c,"Kinnunen, Santtu",D,32,71,0.3878543870857356,0.4829624849169038,0.8708168720026395,0.027213027250082483
533724e1-ab7f-8b95-8049-65aba9809721,"Ness, Aaron",D,41,99,-0.1800061682730302,1.2956006667731328,1.1155944985001025,0.027209621914636647
7b2af16f-2fcd-866c-38c3-e85484494645,"Del Mastro, Ethan",D,34,74,0.07255750621104652,0.8470645163933705,0.919622022604417,0.027047706547188737
e18b4827-dcbd-4cb7-b666-8529df7441bc,"Polei, Evan",LW,13,52,-0.010302780957158576,0.3607853733954357,0.3504825924382772,0.026960199418329014
936ad397-0a05-0d42-2c84-a8d14ddf2971,"Kozak, Tyson",C,18,78,0.04608845523455329,0.4382430438040018,0.4843314990385551,0.02690730550214195
4d495b06-e706-89e3-59ae-b670e6ace70f,"Koch, Davis",F,4,7,-8.317278334288857e-05,0.10762059296575899,0.10753742018241612,0.02688435504560403
61a43f85-2e5c-ef36-a82e-322e6e622997,"Guenette, Maxence",D,34,95,-0.10086443883601531,1.0131937033161527,0.9123292644801374,0.02683321366118051
d9161211-1630-84bf-6d4d-423ce053cd83,"Abruzzese, Nicholas",LW,40,192,0.10893772500764953,0.9574576709952688,1.0663953960029184,0.026659884900072962
fd505638-2f70-f361-176c-a6c89bd97850,"Iorio, Vincent",D,33,83,0.20682037695964936,0.6716551576336254,0.8784755345932748,0.02662047074525075
af6ab9b3-a019-9b82-fa37-120d97e9f0b6,"Coronato, Matthew",RW,27,102,0.3230760065092227,0.39184101746737116,0.7149170239765938,0.0264784082954294
5f6e7132-7315-97d1-1833-90ef2671c403,"Regenda, Pavol",LW,25,96,-0.1868174929019574,0.8482865521137609,0.6614690592118035,0.026458762368472142
6e63d926-1cb1-c092-8a03-de277ae4bf98,"Priskie, Chase",D,29,81,0.15939059219151658,0.6066680767956841,0.7660586689872008,0.02641581617197244
4a330c37-6650-01f9-b5c3-76e54ed5a565,"Blumel, Matej",F,39,142,-0.04299513244457103,1.071019132879922,1.028024000435351,0.026359589754752586
4140108e-fd7c-f6c9-17ed-54d6cb083bb4,"Clifford, Kyle",LW,34,143,-0.1373143526998774,1.0321854782137976,0.8948711255139202,0.026319738985703535
e8fcf932-3019-3ccc-543b-67b8c8e584bb,"Petrovic, Alexander",D,46,112,-0.10921141340646727,1.3183532791417754,1.2091418657353081,0.026285692733376265
c622c5d2-2a49-f3e5-6bf7-0e23fa29032e,"Crozier, Max",D,26,56,-0.05982793275884433,0.7415779323047718,0.6817499995459275,0.02622115382868952
9b65e913-a13d-a05b-9427-55f8feacc295,"Bitten, William",F,33,118,-0.025029846398660995,0.890083245498401,0.86505339909974,0.026213739366658786
7bb84983-aea1-e050-01cb-3b9caba8dea9,"Cicek, Nick",D,44,116,-0.794316669049249,1.9467247911978691,1.1524081221486202,0.026191093685195913
e1386a3b-c1fb-9641-bb06-7ba06bb4d88c,"Caggiula, Drake",LW,11,44,0.16661879412886266,0.12087189761815223,0.28749069174701486,0.026135517431546806
d9cf213c-8aa3-ec29-2aa1-29c82ed7d5bb,"Raty, Aku",RW,35,166,-0.006372496698622856,0.9169417812697261,0.9105692845711033,0.026016265273460095
499a866c-4e2f-75cc-4453-3765b766e0f0,"Thomas, Akil",F,38,141,-0.011009318043306843,0.9971102447354794,0.9861009266921724,0.025950024386636118
fb734863-ed94-8167-1f2c-039c70f6fed7,"Heinola, Ville",D,21,57,-0.057658679430528534,0.6019978474791101,0.5443391680485816,0.025920912764218172
e2214881-b6b0-b1c9-6e83-a6b289c4f33f,"Primeau, Mason",F,20,73,-0.06450020796469288,0.5819015108816389,0.517401302916946,0.025870065145847297
be80e6a7-4664-2ddb-bcd5-cd4e5085e1b5,"McGregor, Ryan",C,22,96,-0.05123987888478041,0.6188745294656314,0.5676346505808509,0.025801575026402315
397ed1a1-984e-b4e0-ef52-0edc268d59bc,"Kessel, Matt",D,29,64,-0.3343372370603674,1.0819654498848799,0.7476282128245126,0.025780283200845265
5bd62585-fe76-88d0-45d7-8841bb9908ce,"McKeown, Roland",D,30,74,0.011430384429900185,0.761049523920019,0.7724799083499192,0.02574933027833064
ce2b247b-205a-e275-79bc-893e80beb087,"Lilleberg, Emil",D,17,57,0.03796507846664099,0.39972890657077464,0.43769398503741563,0.025746705002200918
5371f79b-fb56-50aa-237a-c28b6dbbd831,"Mendel, Griffin",D,24,50,0.2605768670578982,0.35727304669045074,0.6178499137483489,0.0257437464061812
650eabdc-aab3-679a-03a2-d086646b86b9,"Pare, Cedric",F,32,133,-0.01010600963863908,0.8328907745991102,0.8227847649604711,0.025712023905014723
9b9236f2-e096-ef85-f4a8-1e2d657d99a2,"Legare, Nathan",RW,35,134,-0.03700478706332433,0.9339829869535174,0.8969781998901931,0.02562794856829123
967b2a1b-5b32-53aa-97e0-344f226f85dc,"Smejkal, Jiri",F,25,94,-0.07263795025878608,0.7121599924240803,0.6395220421652943,0.02558088168661177
b2485777-a1f9-23e9-5c28-c99761cd10e2,"Grimaldi, Rocco",F,49,160,0.0073302273690842405,1.2396402374359226,1.2469704648050068,0.02544837683275524
4447229a-e693-b7a3-6bbe-f464ae9917c4,"Pyyhtia, Mikael",LW,25,114,-0.042005015276117774,0.6761311545591033,0.6341261392829856,0.02536504557131942
05673e68-1d9f-8728-7874-b41679600750,"Anderson, Joey",RW,7,23,-0.005495896220190843,0.181934832641621,0.17643893642143016,0.025205562345918593
ef6ffa30-eb7b-716c-b66b-d0db438b2268,"Strome, Matthew",RW,37,158,-0.060938063822050026,0.9875665098699046,0.9266284460478545,0.02504401205534742
630a1773-ff25-478d-a32d-4109d5924b0c,"Kiersted, Matt",D,26,59,-0.19054562554852053,0.8399896006831478,0.6494439751346271,0.02497861442825489
81f67e82-04fb-7536-2181-669ac1247363,"MacLean, Kyle",C,24,94,-0.06029638542959219,0.6593652659397388,0.5990688805101466,0.024961203354589442
9e7656e6-afdd-5100-adf6-0e1485917da6,"Thompson, Jack",D,45,97,0.2821099142540106,0.8402604345422994,1.12237034879631,0.024941563306584664
b3762305-438c-1b85-1c59-1a831d98849c,"Pekar, Matej",F,7,23,-0.06844706763104114,0.24247915188448133,0.1740320842534402,0.024861726321920026
40f7ce41-67aa-9b1e-4629-14ea33e8799f,"Cates, Jackson",F,34,162,-0.17775172106921674,1.0188559183249648,0.841104197255748,0.02473835874281612
933793a1-349e-90c0-babf-a1dd14e6511f,"Hatakka, Santeri",D,30,69,-0.10724839331110161,0.8490250080789272,0.7417766147678255,0.02472588715892752
1d33070c-e556-fb1e-bc44-0073a18d3693,"Miller, Brenden",D,17,56,-0.022254282584162868,0.4421889496648146,0.4199346670806517,0.024702039240038335
62d8d552-b95a-dea2-1bdd-bb508f1d8a81,"Fitzgerald, Cavan",D,17,31,0.4829238408131914,-0.06478723299984115,0.41813660781335027,0.024596271047844134
7e3477b8-f45a-94a8-5f27-568c76857979,"Twarynski, Carsen",LW,9,37,-0.13841798033181477,0.35929724030467863,0.22087925997286387,0.024542139996984874
a855a24c-10d7-480c-5f02-f40cacd514f9,"Luff, Matt",RW,22,83,0.1832138712700271,0.3550566759522287,0.5382705472222559,0.024466843055557085
b275b038-e474-6565-4b4b-a2265fec696a,"Irwin, Matt",D,30,59,-0.21055509225670904,0.9429285228690419,0.7323734306123328,0.024412447687077763
85ee3269-0c02-823e-7fe2-a1a0b0566cd7,"Chaffee, Mitchell",RW,21,103,-0.09245140270109005,0.6043308812795319,0.5118794785784418,0.02437521326564009
3a14b096-ab58-d9b4-31a1-4431e06e9893,"Del Gaizo, Marc",D,39,108,-0.05368396328733524,1.002500791157713,0.9488168278703777,0.024328636612060965
b8a27cdb-ea33-924d-f963-724d7c48d713,"Mayo, Dysin",D,32,93,-0.034370223165933564,0.809989307137903,0.7756190839719694,0.024238096374124045
62266127-46c0-5420-5d10-5a6068de1b5d,"Lockwood, Will",F,25,98,0.3777013926585823,0.2254653546470932,0.6031667473056755,0.02412666989222702
f7d87866-fb2a-6a94-5317-d30145102fef,"Meyer, Carson",RW,28,129,-0.01395452931969885,0.6886409480060232,0.6746864186863243,0.02409594352451158
0216a2f3-905b-a0cc-78d2-1ace22850834,"Richard, Anthony",LW,24,85,-0.06959816759626847,0.6452656556292989,0.5756674880330305,0.023986145334709604
54a93710-8748-9bc6-3c84-913918590be7,"Snively, Joe",LW,43,169,0.6650012235779286,0.3650089812611256,1.030010204839054,0.02395372569393149
94c58fec-e597-77fa-ea7c-b64e8dec79d8,"Froese, Byron",F,51,232,-0.029009017031512485,1.2414137911016945,1.212404774070182,0.023772642628827098
b1af8af7-bec4-8140-315c-a328ad668097,"Livingstone, Jake",D,44,106,-0.20953767431469716,1.2507156421457342,1.041177967831037,0.02366313563252357
65327d7e-6886-5ff4-3e14-b0a655b531a4,"Santini, Steven",D,24,60,0.543854974837518,0.024054949683083974,0.567909924520602,0.02366291352169175
392760f4-597a-e47c-633f-1b9d29568423,"Leschyshyn, Jake",C,30,97,0.20618862838741733,0.5013365042785705,0.7075251326659877,0.023584171088866256
64897768-18c0-5c24-3bc4-1137682f7c4f,"Felhaber, Tye",LW,32,141,-0.015432516005466822,0.7681058737110498,0.752673357705583,0.023521042428299468
d7535706-ab13-a4e2-1b01-b80ac5ff0720,"Andonovski, Corey",RW,35,110,-0.11009776205833076,0.9315904320034852,0.8214926699451545,0.023471219141290127
57416be2-68df-99d1-ada5-d3b6d3ef77b0,"Lavoie, Raphael",F,42,164,0.007475677541765434,0.9781246128457696,0.985600290387535,0.023466673580655597
6eb43e9b-bd2f-9c8c-d063-d60cbb31c2a4,"Gurianov, Denis",F,6,26,-0.10351261370615249,0.24383429922904423,0.14032168552289173,0.023386947587148623
0e576680-d92a-8954-1c02-51bab3e6670c,"Kelemen, Milos",F,27,121,-0.16970124097751976,0.8002707938513297,0.6305695528738099,0.02335442788421518
c10719af-87b4-f64d-abda-4dd75b197b9d,"Kniazev, Artemi",D,13,30,-0.003552625878228351,0.30594071133388906,0.3023880854556607,0.023260621958127746
e850e12b-4214-353a-3bbe-aad41042acd5,"Griffith, Seth",LW,33,107,-0.15300045605863488,0.9184805531665564,0.7654800971079216,0.02319636657902793
080a4b83-a144-5887-3f0e-084a2fbeb039,"Asselin, Samuel",F,33,143,-0.011025572296057362,0.7760281994151642,0.7650026271191068,0.023181897791488087
34c9b6d7-581c-e992-d276-c44d50fff88d,"Smith, Dalton",LW,42,165,0.09512381001122777,0.8783463248304894,0.9734701348417171,0.023177860353374217
41273737-16e3-50f4-d08a-03a1fc11edf5,"Bourque, Mavrik",C,38,141,0.1020333480978934,0.7756251213397835,0.8776584694376769,0.023096275511517814
b26348d5-86ba-a414-caa0-1aea4d766bc3,"Stillman, Riley",D,11,26,0.0007603125135574373,0.25326507180811103,0.2540253843216685,0.02309321675651532
fe72eceb-4367-8d2c-8559-ccfb83481eb2,"Kannok-Leipert, Alex",D,22,71,-0.11745484027846942,0.6254128844614175,0.5079580441829481,0.02308900200831582
ebb72d23-6b12-208b-62ee-393071bdb363,"Schwindt, Cole",RW,36,142,0.24073646684718142,0.5898927644399511,0.8306292312871325,0.023073034202420347
1f96dae9-d63f-c6da-686b-351c8fc8c14c,"Day, Logan",D,21,72,-0.30130098191318666,0.7840828918832681,0.48278190997008147,0.02298961476048007
a4295efe-fc21-2338-bbe4-dced606dadca,"Wallinder, William",D,37,64,-0.5524686519529951,1.4027532657476542,0.8502846137946592,0.022980665237693494
71eb162b-840b-6a04-acbb-8d076fc857d1,"Warren, Brendan",LW,12,36,0.16902384544127927,0.10644516311801452,0.2754690085592938,0.02295575071327448
15f4d004-953c-10f0-c9f3-d5e55866559b,"Pederson, Lane",C,33,136,0.1278135476160742,0.6289279032689815,0.7567414508850557,0.022931559117728963
9c74b325-0fa9-5486-dd3f-f6b577678042,"Pavel, Ondrej",F,39,162,0.07327062632823528,0.819421150903316,0.8926917772315512,0.022889532749526955
e0cea5f8-086b-dec5-d799-9f09a23f8d52,"Gambrell, Dylan",C,40,180,0.23557339578719622,0.674040961850863,0.9096143576380592,0.02274035894095148
e01e67b9-2150-d1a5-ad6e-0588b64a281c,"Lee, Andre",F,29,109,0.09549077675919765,0.563367821832412,0.6588585985916096,0.02271926202040033
5c67bc38-5487-75fa-57e0-2d6811c164b6,"Galipeau, Olivier",D,19,37,-0.4030698771318839,0.8309690255542015,0.42789914842231763,0.022521007811700928
3a10f482-4800-bee5-3045-86b128ec6420,"Rempe, Matthew",C,27,91,0.21896103394064992,0.38793793355492145,0.6068989674955714,0.022477739536873015
380906c9-b5f1-8231-a3e0-e9bae3c9b899,"Voronkov, Dmitri",LW,1,4,-0.004438926836883184,0.026894202962284907,0.022455276125401723,0.022455276125401723
bce6bdea-4c8a-8917-a11b-59ecf9c30b51,"Gardner, Rhett",F,30,92,0.2864061179846658,0.386997803650758,0.6734039216354237,0.022446797387847457
3f6ad3c6-b702-04a6-5fc9-ffe9845026b1,"Simoneau, Xavier",C,12,48,-0.03215513319178172,0.3011472616881413,0.2689921284963596,0.022416010708029968
5dfe0fd2-51d9-4615-89ff-9ee6a2db9028,"Houde, Samuel",C,10,42,-0.17903130302529463,0.4028637979842324,0.22383249495893776,0.022383249495893775
ec1ce0f1-da94-b52d-8de7-fe60510f16bc,"Sjalin, Calle",D,13,46,-0.0945960253913654,0.3841047632656436,0.2895087378742782,0.02226990291340602
09acb688-56e4-f841-9840-99924478fb13,"Dowling, Justin",C,42,156,-0.06624360019459345,0.9993253215073117,0.9330817213127183,0.022216231459826624
5f892ad5-e130-bc2e-c361-f6cfbd6bd692,"Malatesta, James",LW,27,117,-0.008023113614899558,0.6071388893884669,0.5991157757735673,0.02218947317679879
f3124fb4-5a13-5eb9-b17e-591923ba6356,"Morrison, Logan",F,34,128,-0.09561356079570942,0.8399490519489158,0.7443354911532063,0.021892220328035478
e2268782-d1cd-c267-e7ab-c1fd76d2e34f,"Connauton, Kevin",D,28,66,0.5295616484314452,0.08088817060560141,0.6104498190370464,0.021801779251323088
3bc06bbe-5d1f-aa0b-c51e-f0c83f70803a,"Petan, Nic",F,49,190,-0.01841366758807226,1.084734339474109,1.0663206718860365,0.021761646365021155
9175a5a9-9fbd-0d4b-8db1-799ddc3b65e7,"Osmanski, Austin",D,9,20,-0.04568775951693169,0.24097602678398744,0.19528826726705578,0.021698696363006198
d7316683-35a0-0b3d-fcba-5391daa9bf86,"Prow, Ethan",D,12,26,-0.09568723583515747,0.3554312847522245,0.259744048917067,0.02164533740975558
f0eb7a58-4ead-3515-a883-490e844538f4,"Podkolzin, Vasily",RW,22,96,-0.06845964546291726,0.543320752358268,0.47486110689535077,0.02158459576797049
6d76255c-3247-8cd9-1e45-d4543ce11e86,"Hayden, John",F,45,204,-0.03894676313302625,1.0084241592174428,0.9694773960844165,0.021543942135209257
bba30af5-560c-b50d-0be3-319e7be45c4d,"Nash, Riley",F,29,126,0.014103351146513888,0.6099060193899593,0.6240093705364731,0.021517564501257695
d6cacecd-ace5-db8f-d62d-72f51f65b089,"Swaney, Nick",RW,6,19,-0.03986966757952359,0.16886776027934805,0.12899809269982446,0.02149968211663741
1b82a2ec-e891-f657-0e2c-842e3a0fd79f,"Suess, C.J.",C,52,191,-0.0031372592465231663,1.1200411966840484,1.1169039374375251,0.02147892187379856
604d9f76-2548-d1b7-d7db-bbeccf411412,"Walker, Nathan",LW,18,67,-0.0063337942859107,0.3929244071233608,0.3865906128374501,0.02147725626874723
15e46e6c-821c-e6ae-dc28-f161cd626ca5,"Brooks, Adam",C,14,55,-0.03523975487782991,0.3355127037297825,0.3002729488519526,0.02144806777513947
ac67f786-2de5-43b4-d0af-ae6afd5f161e,"Pysyk, Mark",D,22,50,-0.0011719182973820362,0.47242892294999217,0.4712570046526101,0.021420772938755005
16639321-8e4f-7071-4f1a-276266715f99,"Peca, Matthew",C,25,94,-0.007794066318956539,0.5405242473252585,0.532730181006302,0.02130920724025208
c8d33732-42a1-d13e-323a-6457dc42307a,"Richards, Justin",C,14,55,0.0517565605201753,0.24587409878333244,0.29763065930350774,0.02125933280739341
cea95974-dc8a-a373-919e-beb7ff91d488,"Murray, Brett",LW,28,117,-0.09096862026049166,0.6859820827617245,0.5950134625012328,0.021250480803615458
fc2fdeb8-f765-d874-c079-e534fe36e8a2,"Hillman, Blake",D,31,55,-0.039048549129529424,0.6922995569584297,0.6532510078289002,0.021072613155770976
531dd357-139b-1c75-674c-f969c000c7ae,"Zboril, Jakub",D,23,58,-0.09380653235973568,0.5758115241600763,0.48200499180034057,0.02095673877392785
6379a6a3-1514-33bc-effa-81a9344f2d13,"Barteaux, Dawson",D,32,86,-0.25344800497766756,0.9225784434199635,0.669130438442296,0.02091032620132175
e189f09c-ba3d-6a94-95bf-30aaa84cf98d,"Svozil, Stanislav",D,20,41,-0.08047247214872186,0.4985222084929168,0.41804973634419496,0.02090248681720975
7198f83d-2f1a-fa7f-fa4c-a2119e877247,"St. Ivany, Jack",D,12,20,-0.1260724716347795,0.37667411619847824,0.25060164456369877,0.02088347038030823
0fec22fb-1012-3b71-e15a-fa49606b54ed,"Hunt, Dryden",LW,14,54,-0.013419133153865915,0.30548512174633413,0.29206598859246824,0.020861856328033446
bc2abfcb-4444-082a-2f24-73a1a10338f5,"Biro, Brandon",F,29,125,-0.1014161373511115,0.7019481958186092,0.6005320584674978,0.020708002016120615
46121515-ed91-d0e4-56cf-d0aca14a8b5a,"Koepke, Cole",LW,27,114,-0.04508748144287437,0.6031538164667634,0.558066335023889,0.020669123519403296
75fce25f-ab8f-4f02-2e5e-41faf5ad62ef,"Wouters, Chase",C,45,191,-0.013892585919893485,0.9407222221163435,0.9268296361964501,0.020596214137698892
8bf524f6-7499-1f04-dd8e-e7e80934fb0f,"Kuntar, Trevor",LW,37,136,0.009684774010975158,0.7503805942775389,0.760065368288514,0.02054230725104092
9cdb062f-6fc7-e205-1858-d4f6f32237a4,"Johansson, Albert",D,36,86,-0.23197651998702895,0.9708005974086998,0.7388240774216709,0.020522891039490856
404acd2e-e1d1-ca7b-0a92-cd6563e260db,"Moverare, Jacob",D,20,59,-0.05175261160993613,0.4599922308591707,0.4082396192492346,0.020411980962461728
a2e5ba9a-a3d2-3c36-25f5-6b71426f884d,"Kuhlman, Karson",RW,49,198,-0.16545375597340808,1.1647752321570635,0.9993214761836554,0.020394315840482763
5a453d9b-d3e9-d3cf-af18-be043e9650b3,"Rempal, Sheldon",F,65,303,-0.06162442193149218,1.3868551623862906,1.3252307404547985,0.02038816523776613
77a3c50b-31ff-8311-b5bd-79aa901df22c,"Farrell, Sean",F,25,109,0.1290028236438502,0.3805376444844892,0.5095404681283393,0.020381618725133572
585986b6-3712-2c35-2fca-81686469bf23,"Allison, Wade",F,51,187,-0.14858586617001493,1.1865847240342475,1.0379988578642327,0.020352918781651623
8bd8e696-4514-a5d5-792b-80b002761f46,"Hirose, Taro",LW,32,121,0.06606720273316569,0.5819866573666714,0.6480538600998371,0.02025168312811991
68279cec-5e6b-21a0-ab19-e021e0f21161,"Kampfer, Steven",D,20,60,-0.007192003972340894,0.4113442387788905,0.4041522348065496,0.02020761174032748
f3da2b72-e9b7-6d05-ee3e-834953f9f070,"Marody, Cooper",RW,30,104,-0.030265401479027787,0.6353598855594937,0.605094484080466,0.020169816136015532
a6be81da-fbf0-100c-170a-9db635d86749,"Morelli, Mason",F,46,192,-0.11999434478348121,1.0448697788306789,0.9248754340471975,0.020105987696678207
de69fd7b-5c3f-76c2-b9c9-7e39a9e9b91d,"Fritz, Tanner",C,5,19,-0.07822287241051526,0.1783754293408068,0.10015255693029153,0.020030511386058304
4cbd21fa-5265-f7d5-ac2f-2fd78d7480aa,"Hirose, Akito",D,18,49,-0.5284908917772213,0.8872190485494242,0.3587281567722028,0.01992934204290016
e69dd394-c120-c096-00ba-2db135c0a1b1,"Dube, Pierrick",RW,44,155,-0.040656853229393164,0.9172252656368952,0.876568412407502,0.019922009372897773
05d1d579-7092-686f-82ea-789112b87f0f,"Steeves, Alex",C,33,134,-0.08693660521614674,0.7441029108188446,0.6571663056026978,0.019914130472809027
9123cf74-4ebf-4134-8942-ac14445c836b,"Todd, Nathan",F,46,202,-0.07142414265936167,0.9849172718530729,0.9134931291937112,0.01985854628681981
89d6fd61-dc6a-4969-d01a-a672c177757f,"Hughes, Cameron",F,37,145,0.024028893316335592,0.709336926901857,0.7333658202181925,0.019820697843734934
663df049-a045-0561-16e3-1db633a0723e,"Aston-Reese, Zachary",C,33,128,-0.04460078426229756,0.6978868499213591,0.6532860656590616,0.019796547444213986
88e216a2-1386-7181-fda4-1819e8611ca5,"Wise, Jake",F,32,146,-0.03381180080702961,0.6577679397506061,0.6239561389435765,0.019498629341986765
41e53b2c-3ed6-f9b5-29a4-68ffe996db5f,"Dineen, Cam",D,25,55,-0.13344902903945693,0.6207660880297673,0.48731705899031025,0.01949268235961241
7f835c52-5af6-f4e1-eff4-ebe21be0a4bb,"Denisenko, Grigori",F,44,180,0.0742758066461647,0.7832952632434702,0.8575710698896348,0.01949025158840079
9f84fbe2-cd0a-9663-0184-4398a58d7d29,"Quinney, Gage",F,38,146,0.239902398557615,0.49429945174659556,0.7342018503042105,0.019321101323795012
ca8bc734-74c0-cc3e-db09-72ea657f75e2,"Clague, Kale",D,17,41,-0.30323619787627654,0.6315637161836575,0.32832751830738094,0.019313383429845937
23033c23-8f41-970b-8423-7c1eef91ab38,"Ratcliffe, Isaac",LW,44,153,0.06619079118656829,0.7831186786502677,0.849309469836836,0.01930248795083718
bc0901c4-4d45-8b85-d17f-37826e9e5b4a,"Clarke, Brandt",D,18,44,-0.14579597154963722,0.49262641208122737,0.3468304405315901,0.019268357807310562
7779d05b-bf33-9acd-a1a5-bb2e852f4a3f,"Fensore, Domenick",D,12,37,-0.014540002538660701,0.24501661652063983,0.2304766139819791,0.01920638449849826
0af3f2e3-7646-a092-4313-a467ee77fcdd,"Hunt, Daemon",D,29,66,-0.2452412514419393,0.7996429232418207,0.5544016717998814,0.019117299027582118
1fe967f3-4573-d760-8359-eb0d9acc3756,"Wall, Kevin",RW,32,143,-0.3560603162590951,0.9657426531198607,0.6096823368607657,0.019052573026898927
c8faf786-d902-4a0e-cfdd-3326fa37b797,"Burke, Cal",F,41,181,0.005077086861729186,0.774665224710748,0.7797423115724771,0.01901810516030432
efbd8365-7b4a-13f4-6a00-d77d11d64910,"Christiansen, Jake",D,32,80,-0.3233890893494845,0.9307449176736501,0.6073558283241656,0.018979869635130174
e816e950-29af-f11a-16dc-9be28900788e,"Maillet, Philippe",C,29,106,0.21692387831644738,0.3273431515382211,0.5442670298546685,0.018767828615678224
17bf6332-f9af-d4f3-c60a-ed7cd976f2cc,"Bayreuther, Gavin",D,8,25,-0.07847472342373293,0.2285556279130651,0.15008090448933217,0.01876011306116652
7356658c-38e1-ed2f-84ec-a3abbaceff57,"MacEachern, MacKenzie",LW,25,103,-0.07555038445648278,0.5444562847669377,0.4689059003104549,0.018756236012418197
2cb7c2e9-6da3-f835-9636-f6c67c6c362e,"Lajoie, Maxime",D,22,55,0.016531801920427823,0.3960346750328067,0.41256647695323456,0.01875302167969248
9e79de97-35f6-4db9-5b4d-bdb166ba4de0,"Oesterle, Jordan",D,20,41,0.3018432318853456,0.07306884848053415,0.3749120803658798,0.01874560401829399
48ab1f72-0e6e-a7c9-0c5d-a978d9ace0fc,"Abramov, Mikhail",F,32,105,-0.17291210134631002,0.7716084033298191,0.5986963019835091,0.01870925943698466
1f87233d-cd1d-1ebf-d866-e777d5b45092,"Edstrom, Adam",C,26,98,-0.15102296667597556,0.6373258866914135,0.486302920015438,0.01870395846213223
0ce6b03a-1c53-674c-856d-df3b6dbfd50d,"O'Reilly, Cal",C,51,216,-0.0649058155125772,1.013667375232734,0.9487615597201571,0.018603167837650137
d8fed174-fcfd-8e02-be75-ae2b239ab2cd,"Green, Alex",D,17,36,0.057859952652779614,0.25825352021835596,0.31611347287113556,0.018594910168890328
6d2cb984-e1e6-a715-26d2-93a528bb379b,"Bjork, Anders",LW,24,91,0.08031797600733626,0.36444072236306646,0.44475869837040277,0.018531612432100115
71bee4d1-8889-3ec6-e934-ef86eca81be9,"Walcott, Daniel",LW,36,124,-0.0008517137631770315,0.6623348772015206,0.6614831634383436,0.018374532317731767
c9060c85-0600-ed69-de2d-6aa7611fc7bc,"Gaunce, Brendan",C,20,105,-0.003203645005169164,0.3684055604077545,0.3652019154025854,0.01826009577012927
1b0ec3d0-fbd0-112f-f859-6c6696f55dee,"Beckman, Adam",LW,52,216,-0.32229572603037016,1.2615658469833093,0.9392701209529393,0.018062886941402678
bc6177f1-4c3d-37fa-47dd-452cfcc446d1,"Merkulov, Georgi",LW,35,153,0.04911684893320399,0.582993633069434,0.632110482002638,0.018060299485789657
5e597523-3951-4de6-6d47-6d3fe982366b,"Schneider, Cole",F,32,121,-0.02349516097015112,0.6007674506826709,0.5772722897125199,0.018039759053516246
ecbd0ea2-3043-731c-3cbf-94053cd3f09b,"Callahan, Michael",D,28,65,-0.005910393928570557,0.5107235216721998,0.5048131277436293,0.01802904027655819
f6385516-0e06-82f5-5e29-9d38bdbb771a,"Blankenburg, Nick",D,8,21,-0.0016876551339919388,0.1451812244895367,0.14349356935554475,0.017936696169443093
ebf31f99-7cf9-b77d-1a16-1da7f96aed4c,"Halonen, Brian",F,27,92,-0.08185274211098202,0.5626455935563149,0.4807928514453329,0.01780714264612344
b460c5a3-506f-26e8-0bd1-3e354b96b1b5,"Sourdif, Justin",RW,26,124,0.5850773668566034,-0.12252009637872549,0.462557270477878,0.017790664249149154
ce6e3edf-e901-06ab-00b5-185583eeb8ae,"Ouellet, Xavier",D,25,59,-0.1450046436198363,0.586828776813162,0.44182413319332564,0.017672965327733027
1586746e-cebb-583e-a668-5f66df384eb2,"Bryson, Jacob",D,5,11,-0.08982500039842307,0.1780333962763052,0.08820839587788214,0.01764167917557643
9b4ee081-3050-ae6e-ca41-47d034838030,"Dach, Colton",C,31,119,-0.1728902937224575,0.7192827274711924,0.5463924337487348,0.017625562378991447
6110cbf6-1606-3431-643c-78b0e035f5ff,"Gawdin, Glenn",F,29,125,-0.08809525420979299,0.598032440573607,0.509937186363814,0.017584040909097036
cfe456f6-9907-e4df-333f-27b358f49ebc,"Rybinski, Henry",C,25,103,-0.02471090479284612,0.46416713782828734,0.4394562330354412,0.017578249321417647
2930b9a2-e32f-9bc1-bad9-327d514a020e,"Phillips, Matthew",RW,9,27,0.2344255682709445,-0.07632846149750551,0.158097106773439,0.017566345197048777
596db0b3-b0e7-ce8e-41f6-7008175ce45c,"Gust, David",F,44,164,0.1552274354476594,0.6160662701707064,0.7712937056183657,0.017529402400417404
c8f5ce37-256b-6dba-d068-eccc978959b9,"White, Colton",D,12,28,-0.1764060913152207,0.3866636307662789,0.21025753945105818,0.017521461620921514
6845c1eb-216d-4366-cda0-d3c220357faf,"Del Bel Belluz, Luca",C,46,206,0.43235355150250143,0.37273063035132886,0.8050841818538303,0.017501830040300658
28fee7d1-3bbb-19df-abd4-2e0febaadcea,"McIsaac, Jared",D,12,26,-0.03660354209389424,0.2458606406827054,0.20925709858881114,0.017438091549067596
a55a9dc4-0d17-6c79-1200-0e6282e49b76,"True, Alexander",C,40,182,-0.02712765521534948,0.7231589937416221,0.6960313385262726,0.017400783463156815
41c74b24-2875-6f45-d954-11ac6d6c410b,"Sutter, Brett",LW,25,110,-0.09778495710947938,0.5327508878582915,0.4349659307488122,0.017398637229952486
5e97725c-294e-9f96-1be5-1960f6b93d17,"Gallant, Alex",LW,19,61,-0.0905689879716192,0.4207038719059134,0.3301348839342942,0.017375520207068115
b2f264ba-1fa2-c297-2cf2-a5109e7b99d9,"Reinhardt, Cole",LW,31,122,-0.095747449014425,0.6310561825899283,0.5353087335755033,0.017268023663725915
befd7372-8a19-ca5a-c1db-88c82ad4500b,"Criscuolo, Kyle",C,52,185,-0.4460497787153144,1.3439763932574678,0.8979266145421533,0.017267819510426025
e11c278e-bb24-1555-240d-8556a7f63afb,"Sutter, Riley",C,42,194,0.06880767713746536,0.6559350794869916,0.724742756624457,0.017255779919629927
bc22e636-a3aa-30c6-baab-dbd6d5403b03,"Lindblom, Oskar",LW,21,109,0.06836330781306971,0.2920368298637328,0.3604001376768025,0.017161911317942976
6a7002cd-5825-1e0b-1847-6f2197cc2190,"Karow, Michael",D,32,76,-0.39775026826937393,0.9461533593507319,0.548403091081358,0.017137596596292437
aa7242ad-c419-33d4-6be1-f8132fc80b23,"Skinner, Hunter",D,20,38,-0.0883033722254595,0.42574731112885006,0.3374439389033906,0.01687219694516953
0ddb9eb2-2352-dab2-b22d-f0d30ee231ef,"Reedy, Scott",F,6,22,-0.047146737328262134,0.14820464319435642,0.10105790586609428,0.016842984311015715
e9ef1506-4a97-1586-e7b4-a1dfbec02e4e,"Fix-Wolansky, Trey",RW,23,87,0.0008671737724853303,0.3863192147969168,0.38718638856940213,0.01683419080736531
91ecbdb7-a405-57e1-23d6-910efcb6de2a,"Butler, Cameron",RW,28,126,-0.11508519547051037,0.5856900789306072,0.47060488346009677,0.016807317266432028
41628483-4877-7355-2278-bf4aca0a7017,"Teply, Michal",F,50,203,-0.1736596223413244,1.0099157786775097,0.8362561563361853,0.016725123126723706
b5612f31-b1a0-8934-f8b5-5f980f2cb2a0,"Luneau, Tristan",D,5,11,-0.0029056404861876215,0.08577593928224209,0.08287029879605447,0.016574059759210894
c25ea63f-011d-ce60-d969-b7d83cf526b1,"Jones, Ben",C,39,154,-0.1570273396836228,0.8026145769003463,0.6455872372167235,0.01655351890299291
6488121e-ed37-2c24-34b7-84a6b947486c,"Carroll, Joe",LW,27,95,-0.011797701236241664,0.45769260945266904,0.44589490821642735,0.016514626230238052
adce8fef-8cdf-c45c-6d59-68ef391c977a,"Kisakov, Alexander",F,7,26,-5.484245530169656e-05,0.11561419512684853,0.11555935267154684,0.01650847895307812
def7057c-c63b-ba5b-6622-d71d6a64838f,"Strand, Austin",D,32,80,-0.14185357814858435,0.6660294233347486,0.5241758451861642,0.016380495162067632
62962656-a554-8ab3-7d7f-5669fa932604,"Goncalves, Gage",C,53,224,-0.341973189892974,1.2065239965648267,0.8645508066718527,0.016312279371167034
9c3292d5-92cc-3760-dada-631102753a82,"Poganski, Austin",RW,25,85,0.044654852209805536,0.3620881960213926,0.4067430482311981,0.016269721929247926
5bd9a56b-e7ed-0f23-4c35-63587ff2bd90,"Kaspick, Tanner",F,33,147,0.03366518024215566,0.5031601312526727,0.5368253114948283,0.01626743368166146
8cdcb61e-d733-bde6-a101-ef3140e48149,"L'Esperance, Joel",RW,51,196,-0.038429620170381894,0.867260923644623,0.8288313034742412,0.016251594185769436
8cd5c3e3-9a48-051a-d12f-0065c690b66e,"Jarventie, Roby",RW,10,48,-0.007825185917045018,0.17033015388881417,0.16250496797176917,0.016250496797176918
cb681adf-c005-f9ab-1da3-15257b4f1bdf,"Douglas, Curtis",C,28,115,-0.16700250963435792,0.6205959851576043,0.45359347552324636,0.016199766982973086
3234f05b-aafa-95e9-07e3-c23dea148f88,"Joseph, Pierre-Olivier",D,1,2,-4.0182602242566644e-05,0.016149694347404875,0.016109511745162307,0.016109511745162307
08c60c80-c4d5-92b9-4f37-459db0d51fe9,"Caulfield, Judd",RW,26,120,0.03341869372766268,0.38460100632002325,0.41801970004768596,0.016077680771064844
2f46ba90-e46e-6371-ac00-07be713995a2,"Sasson, Max",C,36,157,-0.09403843859909101,0.6687922971686018,0.5747538585695108,0.015965384960264187
066364b9-b235-6207-1061-3d0155cb2b66,"Smith, Ty",D,28,76,0.08317379542058916,0.36190252150727137,0.4450763169278606,0.015895582747423594
db0333ab-7807-d7a0-6a75-e78b8401080d,"Fogarty, Steven",RW,51,223,-0.35876258271314326,1.1662264053988696,0.8074638226857263,0.015832623974229926
829fe83b-5b79-50a7-0b5a-837f3db608d1,"Suzuki, Ryan",C,24,84,-0.0755252111810478,0.4553191176350165,0.37979390645396865,0.015824746102248693
ee133fc2-90e8-4f9f-b9da-0150fd7acd75,"Doan, Josh",RW,34,145,0.01872100886112094,0.5178384583852618,0.5365594672463827,0.015781160801364196
ab173ecf-50c8-bf70-2a27-3f32cb95d28f,"Othmann, Brennan",F,28,108,-0.050145876470605796,0.487867555513582,0.4377216790429762,0.015632917108677723
fd49836f-d5af-212e-d04d-32c44ef24a8e,"Sykora, Adam",F,42,150,-0.2310928728652698,0.8856871743301833,0.6545943014649136,0.015585578606307467
27588d0d-69a7-2290-9289-ec66dce9bd74,"Miromanov, Daniil",D,6,18,0.0005559943666867184,0.09289338717065523,0.09344938153734195,0.015574896922890324
4152b475-2bfd-8f22-09a7-f721c76d1a90,"Poulin, Samuel",C,19,61,-0.18362095507868617,0.4794573296003336,0.29583637452164746,0.01557033550113934
00107e79-8a36-de05-69c7-86087051c558,"Lombardi, Amadeus",C,42,154,-0.08698548641032175,0.7406938473021749,0.6537083608918531,0.01556448478313936
23976a10-6bbf-0e35-6025-abd653ad2dd6,"Raty, Aatu",C,61,244,-0.26557187529017484,1.213183048185671,0.9476111728954961,0.015534609391729445
df3c2b16-0554-1f80-bea5-3560b9b6a998,"Woo, Jett",D,36,94,-0.24753926281564417,0.8048054839370982,0.557266221121454,0.01547961725337372
6e6168a5-df29-f732-cbd8-5e5d3ccfc780,"Back, Oskar",C,43,194,-0.31613056169167064,0.9817054334857727,0.6655748717941019,0.01547848539056051
83cfcd84-1391-c9fa-11b5-d3ec86ed5781,"Erne, Adam",LW,26,92,-0.11807292495032017,0.520457696658154,0.4023847717078338,0.015476337373378224
cb8a6b8b-c5a6-4bfe-10b7-15c784b83a7d,"Bjork, Marcus",D,17,57,-0.02151334163104366,0.28449674631565897,0.26298340468461534,0.01546961204027149
ed669304-9d26-cfe7-8e5c-4bb862411534,"Ginning, Adam",D,26,41,-0.11926730214192957,0.5210852457378526,0.40181794359592304,0.015454536292150886
3d5bcc97-ee74-7ffb-a3c3-9bb7facf831f,"Kirkland, Justin",C,24,100,-0.03156072086717358,0.4021367887355326,0.370576067868359,0.015440669494514959
3081fce7-ed01-b163-8b6f-08e12202de8f,"Wright, Shane",C,35,139,-0.23456649477911923,0.7661056635559957,0.5315391687768766,0.015186833393625044
a4fe9cde-2b89-7e99-5181-d8855c55e821,"Crevier, Louis",D,27,68,-0.0926586885518077,0.5020238525471664,0.4093651639953587,0.015161672740568842
11fbe5d4-66ec-34ba-9657-09704f893154,"Toninato, Dominic",C,28,97,-0.017239818721532175,0.43795947359538495,0.4207196548738527,0.015025701959780454
8b9a3cb8-fe56-bdee-92ab-9dd83fa15593,"Asplund, Rasmus",C,30,106,-0.1885802615270677,0.6388306951438413,0.4502504336167735,0.015008347787225785
2e33542c-6735-7a9d-beb1-3911e384f921,"McDonough, Aidan",LW,24,97,-0.03771523491168409,0.3954928986914836,0.35777766377979947,0.014907402657491645
2fcd5eda-6ffa-3088-c189-0b3342a16345,"Fortier, Gabriel",C,35,131,0.12787764957477066,0.392384173920672,0.5202618234954426,0.014864623528441217
c2ac142e-72a6-58c2-9f0a-acc2ae622a90,"Agozzino, Andrew",C,36,124,-0.2004575110781957,0.7284962023966256,0.52803869131843,0.014667741425511943
6b15df6f-e4cb-a8f9-2f8f-1985efc31e8d,"Kubiak, Jeff",F,56,239,-0.047326911608911365,0.8654048110265214,0.8180778994176101,0.01460853391817161
9d227775-ff40-8878-dbd2-b275f291952a,"Karlstrom, Fredrik",LW,44,167,-0.14841156440757003,0.7872959495052002,0.6388843850976301,0.014520099661309776
a4939932-d13e-4c1e-b534-699402d2888a,"Laczynski, Tanner",F,25,87,-0.1614574467792636,0.5223490908781828,0.3608916440989193,0.014435665763956771
38337d0c-d847-3281-c6cd-ee7361785511,"Hicketts, Joe",D,5,10,-0.003510614101014653,0.07548229020312645,0.07197167610211182,0.014394335220422364
a792d2b1-ce98-c030-e583-39536e721171,"Clarke, Graeme",F,51,219,-0.07837096190710326,0.8121865973631154,0.7338156354560122,0.014388541871686514
e75ad40d-06f3-a0e9-0b73-d4b75b83749f,"Koppanen, Joona",C,42,161,-0.002464988560427629,0.6042711697127883,0.6018061811523606,0.014328718598865729
4ef5382c-6459-519f-de86-96aa6ab54c2e,"Welinski, Andy",D,12,24,-0.04482552214503811,0.2161765767909704,0.1713510546459323,0.014279254553827692
8f7c6f8d-3bdb-a0bb-1ec6-89d287eacff5,"Lambert, Brad",F,51,204,-0.15775171812897495,0.8802952598469425,0.7225435417179674,0.014167520425842498
cbbf55f5-9496-ac26-5465-bc1dd9bc474f,"Kleven, Tyler",D,29,89,0.2927713098396225,0.11660879996422276,0.40938010980384526,0.014116555510477424
7e254e63-e8be-d9ca-6ad5-d6c350f4b59b,"Koch, Patrik",D,20,35,-0.03564300061311769,0.31709707803280096,0.2814540774196833,0.014072703870984166
eaf6e42d-fc9b-2620-d315-6f442cf5afa0,"Bardreau, Cole",F,58,251,-0.46565327349571817,1.281108915442945,0.8154556419472268,0.014059580033572876
8682f8c1-304a-51d9-6663-158ca58fa6c9,"Didier, Josiah",D,35,70,-0.012112115447052924,0.5037538192147796,0.49164170376772653,0.014046905821935044
5801ee51-cb4c-15b8-3d9d-757bd846feae,"Tufte, Riley",F,33,134,-0.16954982621759884,0.6280690536171041,0.4585192273995053,0.013894522042409251
a811daaa-9356-2318-9e10-11e1e2dea90f,"Gaunce, Cameron",D,21,77,-0.013237151757084578,0.30102571564363356,0.28778856388654905,0.013704217327930908
432d0e7c-2d69-f44f-69c9-227f410e8f8b,"Balinskis, Uvis",D,17,41,0.4051666160408331,-0.17222730862440833,0.23293930741642477,0.013702312200966163
6aaec354-e7a5-0c0d-7584-6746ffd4aabb,"Foudy, Liam",F,13,65,0.014605173552899942,0.16280945025221735,0.17741462380511727,0.013647278754239791
2864d29b-c2b5-a160-af4f-33bd2c5150ac,"Moberg, Cole",D,4,5,-0.01411373326791363,0.06858568405677942,0.05447195078886579,0.013617987697216448
912119f4-6991-e717-ea68-1137c057d277,"Vrana, Jakub",RW,20,72,0.014055139713582323,0.2580394688047624,0.27209460851834477,0.013604730425917238
4d3e2b74-879a-b997-e31f-715ee7403cb7,"Mersch, Michael",RW,35,161,-0.32160365048998757,0.7943613467057088,0.4727576962157212,0.013507362749020606
9d5f9778-e77b-d632-be6a-b05e1df07de4,"Inamoto, Tyler",D,5,11,0.1138727654779359,-0.046408592692144646,0.06746417278579125,0.01349283455715825
cb889642-eedd-496a-9c02-563f569c6359,"Roos, Filip",D,30,82,-0.5714880238554543,0.9738506132558733,0.40236258940041914,0.013412086313347305
00afeab4-d457-7723-e196-9e398fbc4498,"Bailey, Justin",F,11,38,-0.052784529082464365,0.20031677359102482,0.14753224450856045,0.01341202222805095
9c5a0e11-4272-5962-2621-08678ba1b301,"Kolyachonok, Vladislav",D,20,53,-0.19486024487723627,0.45924604778117334,0.2643858029039371,0.013219290145196854
a2931977-2953-a366-84f6-402e39590fc9,"Melnick, Josh",C,27,99,-0.011583224066544062,0.36744712317232747,0.3558638991057834,0.013180144411325312
015f554a-21c0-99bc-0a31-a176810b40c6,"Shine, Dominik",RW,47,162,-0.07941798676727102,0.6977360422043969,0.6183180554371258,0.013155703307172889
47d857f2-7d2a-edfc-e1c5-73767c716a2f,"Sweezey, Billy",D,21,75,-0.12651974401637744,0.4027604312126148,0.27624068719623734,0.013154318437916064
c904de64-762a-0721-4c8f-90dfc7fbf289,"Lucchini, Jake",C,26,110,-0.01651405577706555,0.35620290032143526,0.3396888445443697,0.013064955559398834
f01b2f76-df10-daf6-f8e2-f2a3968f6d64,"Dalpe, Zac",C,37,147,0.025297065385666426,0.4560394112760014,0.48133647666166784,0.01300909396382886
61b3f3d2-10b6-46fd-9416-8976a893ef23,"Highmore, Matthew",C,24,96,-0.1384606380835521,0.44961855048737903,0.3111579124038269,0.01296491301682612
ae3c26e4-6536-f078-6e78-8ca2db85def8,"Conacher, Cory",RW,27,97,-0.07479916944039361,0.4240927118712721,0.3492935424308785,0.012936797867810315
6c3c93f5-8e6b-ecc2-be4b-8d7a1788438f,"Kalynuk, Wyatt",D,32,77,-0.05670283357371773,0.47058464561707264,0.4138818120433549,0.01293380662635484
2f0d296c-e9df-b8b7-f0e0-a135b8802329,"Soderblom, Elmer",LW,52,171,-0.41638645112882383,1.0875077012850722,0.6711212501562484,0.012906177887620161
add3d394-1378-64cf-5d00-dc6027bcf5bd,"Slavin, Josiah",LW,41,165,-0.1647664513206564,0.693725430674381,0.5289589793537245,0.012901438520822548
a498fb15-dea2-c999-7f8c-63aa786b7bb7,"Gambardella, Joseph",C,37,148,0.054532094739647624,0.421827890191556,0.47635998493120363,0.012874594187329828
6702a3ca-377e-db75-149b-2621c1febba3,"Belzile, Alex",F,51,203,-0.03298968346018682,0.6852175446330674,0.6522278611728806,0.012788781591625109
1ba1e45d-14a5-3375-cbbe-45fc4ef4fe77,"Stevens, Nolan",C,38,145,-0.02692290425534338,0.5084180782038882,0.48149517394854474,0.012670925630224861
f19f09de-127d-97a1-6265-d5a27b837129,"Thomson, Lassi",D,37,112,-0.06946985824974947,0.5331907054707936,0.4637208472210442,0.012532995870839031
2dc963e5-038d-5671-aa35-9c6e6edec835,"Brisson, Brendan",F,50,206,-0.026261459090665067,0.6520104255703775,0.6257489664797125,0.012514979329594248
4f269c7a-99a5-bd2f-9bb8-5ffeec578d52,"Henriksson, Karl",C,28,121,-0.03179306763222484,0.38171414214016197,0.34992107450793714,0.012497181232426326
355acc16-c566-85e1-999f-aebfac4b68eb,"Wotherspoon, Tyler",D,36,81,-0.1019473463915233,0.5480745664877509,0.4461272200962276,0.012392422780450767
8928e094-1450-a2f0-bb6f-6fd697d469c4,"Terry, Chris",F,34,118,0.016507813878456547,0.4041096841551449,0.4206174980336015,0.01237110288334122
0197019c-0e19-f14e-cdab-ce4bb3630856,"Laferriere, Mathias",RW,39,141,-0.05779867010940052,0.531744091082667,0.4739454209732665,0.012152446691622217
fc414242-12e8-6043-d405-65eef24051c1,"Olausson, Oskar",F,29,115,-0.10037662488716706,0.44831480929449447,0.34793818440732743,0.011997868427838877
dc5a9c10-c8d3-52bc-fd80-b7186f383b34,"McKown, Hunter",C,28,140,-0.07781036429887536,0.4094746971026931,0.33166433280381774,0.011845154742993491
f5fcdc05-b825-c3c6-187d-b79bb81ea956,"Rosen, Isak",RW,26,92,-0.03640105804712448,0.3442706743343109,0.30786961628718645,0.01184113908796871
4b99d7b8-d6b5-992f-cfee-3024717ea00e,"Polin, Jason",F,23,89,-0.011733297437126566,0.28136279506248163,0.26962949762535504,0.011723021635885001
6b02137d-510a-65ed-24a8-c60dffebc9f3,"Giroux, Damien",C,16,76,-0.01403997460690789,0.1984150018562311,0.1843750272493232,0.0115234392030827
45600aff-c442-b856-6e9a-ae22ed437997,"Attard, Ronald",D,32,107,-0.1402897840504238,0.5027199189281255,0.36243013487770165,0.011325941714928177
f4d0b772-1f4e-66ba-7ed2-54024c2c659b,"Reichel, Kristian",F,40,162,-0.13095088392320806,0.5805333454518095,0.4495824615286015,0.011239561538215037
eeb81509-6a0d-5320-8d5a-2c1e58d83af5,"Lycksell, Olle",RW,23,79,-0.1469006727389342,0.4017703368735462,0.25486966413461193,0.011081289744983127
c49719c8-8490-01cc-e81b-91996b030e35,"Jenik, Jan",C,23,85,-0.2232412449509638,0.47741780335519557,0.2541765584042317,0.011051154713227465
1b8bd0ac-fac4-d900-2d3e-411db1939181,"Massie, Jake",D,12,25,-0.013801433694879956,0.1459422150329798,0.13214078133809987,0.011011731778174988
a6b4086e-956a-6a17-e22c-83858e92ef99,"Condotta, Lucas",LW,30,124,-0.22396421575959946,0.5526852791515403,0.3287210633919409,0.010957368779731363
705342fb-5233-cb03-d7e0-2823602d0ca7,"Jenkins, Blade",F,7,27,0.0048452367242589394,0.07072336745697613,0.07556860418123507,0.010795514883033581
a7b49f9f-e2f6-f3c2-9e38-58a8cafb36e2,"Afanasyev, Egor",LW,42,145,0.05313879067466586,0.397099546458662,0.45023833713332795,0.01071996040793638
0fb7c364-441d-653d-bab6-b5081b90ce08,"Peterson, Jacob",C,17,72,-0.053343853217211294,0.2342608132445725,0.1809169600273612,0.010642174119256541
d29ba519-c5d9-1220-eda7-e0ec41379e99,"Nikolayev, Ilya",F,22,88,0.004145134704367592,0.22595294935670596,0.23009808406107354,0.010459003820957888
3728a22e-e32e-cf71-be16-1a6317838f86,"Doucet, Alexandre",LW,8,34,-0.008023356850321762,0.09160290105142394,0.08357954420110218,0.010447443025137773
2edb2923-a2c9-13d1-fa88-d6659c99b38e,"Malott, Jeff",LW,48,205,-0.08625329215622059,0.5826766267274791,0.4964233345712585,0.010342152803567884
3aa7c517-7091-0133-341a-3abc7d3a674f,"McKenzie, Curtis",LW,41,168,-0.0791873283679479,0.5031396007183959,0.423952272350448,0.010340299325620684
579da99e-0b65-5601-e4eb-7bf837211c3f,"Morrison, Cameron",LW,23,96,-0.060151987232347895,0.2977678027739593,0.23761581554161143,0.010331122414852671
24aca8e8-c87f-6a40-46fc-afb2373d9531,"Shea, Ryan",D,11,20,-0.07065896892941055,0.18398451185345344,0.11332554292404287,0.010302322084003897
a89675de-e91c-1bde-8b0b-ba8780b2295c,"Brazeau, Justin",RW,28,115,-0.042774022389335184,0.33119888831979516,0.28842486593045996,0.010300888068944998
3df1ae9b-2aa4-e9cb-6921-02b059b862b6,"Caamano, Nicholas",RW,41,177,-0.22013936572866444,0.6406042769677267,0.42046491123906227,0.010255241737538104
03e51f3c-cfff-9ae9-5b2f-cb7e72a786cd,"Kindopp, Bryce",RW,29,114,-0.15271174105159843,0.4496997677197483,0.2969880266681499,0.010240966436832755
d7d794dc-6f3b-8c9c-7614-23859008aea2,"Gross, Jordan",D,22,66,-0.06424888535134414,0.2885189902914287,0.22427010494008454,0.010194095679094751
4e110e5d-1ce8-74cf-5df3-63609c738785,"Gaudette, Adam",RW,35,159,-0.14474819651170492,0.5011450064611959,0.35639680994949097,0.010182765998556885
a65308f1-5c3e-a5de-87e2-cead7d9f44a7,"Guenther, Dylan",RW,18,65,-0.00667494286146848,0.18937329930035718,0.18269835643888868,0.010149908691049371
2169a8c5-6ecd-6471-78be-1fd91f858e82,"Chibrikov, Nikita",LW,52,216,-0.16309967840293213,0.6816410047083752,0.5185413263054431,0.009971948582796984
34f1d587-08e6-10f2-c48d-54fb50d3b881,"Firstov, Vladislav",F,4,23,-0.0003625658361670503,0.040238914699486684,0.03987634886331963,0.009969087215829908
d06b76a3-3d86-0789-4ece-8c2bbb8dac2a,"Bischoff, Jake",D,38,113,-0.017098326165887558,0.3905145188689074,0.3734161927030199,0.009826741913237366
a642a014-b17e-3674-5214-a0c41b7836ba,"Mayhew, Gerald",C,37,170,-0.31887604944349734,0.6811825798352109,0.36230653039171357,0.00979206838896523
ff9b6097-e007-85c3-f8fb-f86935bcb875,"Pettersen, Mathias Emilio",LW,35,118,-0.0248323732059589,0.3626452864787334,0.33781291327277446,0.00965179752207927
3009ca76-0ff6-9da5-c8b6-6fd357f7a7e1,"McLaughlin, Marc",F,36,134,0.011996939350592583,0.33538704158309324,0.3473839809336858,0.009649555025935716
b8541c9c-40ff-8902-1a40-af7c2916bfaa,"Geertsen, Mason",LW,26,107,-0.3061065162581599,0.5566586452347112,0.2505521289765514,0.009636620345251977
b9289963-36ff-72f3-2e0f-5d1c271974dc,"Gruden, Jonathan",C,29,119,0.03529618917191328,0.24409154547335252,0.2793877346452658,0.009634059815353993
c9f1b830-ca38-5bbd-4af7-d2fe66f07865,"Wagner, Chris",C,11,45,-0.0023390667950479835,0.10573609217415413,0.10339702537910615,0.00939972957991874
e53cf55d-c979-8258-a096-359968afcde6,"McCarthy, Case",D,2,6,-0.031852092920598804,0.0506118227141269,0.018759729793528093,0.009379864896764047
629d5563-2754-3120-3402-3b116164482f,"Bellows, Kieffer",LW,28,129,-0.17093878685323036,0.4331647090369817,0.26222592218375135,0.009365211506562549
8db09dda-0ac0-252d-5cca-f2178f63ee43,"Thompson, Tyce",F,37,149,-0.04340909709097787,0.3888901323807246,0.3454810352897468,0.009337325278101265
dd036e87-28ae-a770-1287-111ca91925a2,"Hinostroza, Vinnie",C,33,138,-0.17111719652780266,0.4781608631911633,0.3070436666633607,0.009304353535253355
06813969-3aca-1417-ec01-0de8fb823a64,"Benson, Tyler",RW,30,152,-0.14337678619417601,0.4207366786433187,0.2773598924491427,0.009245329748304757
8e21faad-e800-5bc9-c0ab-dd31c702e09f,"Mackey, Connor",D,28,54,0.2606194374332631,-0.0027630929030004804,0.2578563445302626,0.009209155161795093
8d804f94-929c-61f0-d793-406c27b0f3f5,"Johansson, Filip",D,38,77,-0.25788773325191416,0.6067292414928958,0.34884150824098165,0.00918003969055215
9a673947-843b-c6fd-0b7e-35c0d46cf23f,"Sokolov, Yegor",F,37,140,-0.15295203580476482,0.49256500845797757,0.3396129726532128,0.009178728990627372
7a8b62e2-0b6b-1e9b-788c-0338df40543e,"Regula, Alec",D,43,100,-0.550285259045927,0.942942904195326,0.39265764514939894,0.009131573143009277
c4ebf006-49c8-4653-9f36-08b55190b8b2,"Dufour, William",F,33,147,-0.022938083249914597,0.32117511188124426,0.29823702863132967,0.009037485716100899
e4245dd4-69d2-7fa5-6473-a4f26787eed9,"Jobst, Mason",C,40,175,-0.13848944844853575,0.4931977549009408,0.35470830645240503,0.008867707661310125
af1d2155-8151-1411-7139-22b219311670,"Perreault, Jacob",RW,22,95,-0.03466917895334518,0.22960156899369166,0.19493239004034646,0.008860563183652111
73f11278-21e8-9bd9-f271-70e5cf8d41e7,"Kessy, Kale",LW,6,23,-0.014525023511305335,0.06745947915983813,0.05293445564853279,0.008822409274755465
06aa1b16-e3ee-cce4-0a42-b0f70600c477,"Laberge, Samuel",LW,28,107,-0.03467976723194397,0.28134272621261563,0.24666295898067167,0.008809391392166846
92a1bf87-e138-f25a-ebab-c92e182b701e,"Pilon, Garrett",C,40,139,0.052513664204070665,0.28974883588387956,0.3422625000879502,0.008556562502198755
b18a382f-18a4-2fd8-10e5-fa3a3726fe0d,"Khaira, Jujhar",C,13,64,-0.023946954093116802,0.13401329395008893,0.11006633985697213,0.008466641527459394
31afd5bc-827c-9211-5784-f7a96764b140,"Rondbjerg, Jonas",F,34,136,-0.2640422646761408,0.5506916440534733,0.2866493793773325,0.008430864099333309
17494d44-9ff1-9cf3-5f99-cc754342c12f,"Bishop, Clark",C,24,94,-0.14490372989164368,0.3441352122506041,0.19923148235896038,0.008301311764956682
caea29a5-fbb3-0a09-a224-442a8a2efb50,"Rees, Jamieson",LW,24,89,-0.13707770538283057,0.33571575420680466,0.1986380488239741,0.008276585367665587
2f0f6eea-d3b1-2226-ceaa-3779abcbff69,"Szuber, Maksymilian",D,32,73,0.36250187512912363,-0.09896688044274092,0.2635349946863827,0.00823546858394946
b1e9d040-a917-bccd-657f-2da715dce2a5,"Madden, Tyler",F,45,185,-0.10795164752673826,0.4761880270858246,0.36823637955908634,0.008183030656868585
34f46eb8-532d-889d-33f8-51b226bd083d,"Vecchione, Mike",F,28,109,0.18483118853996527,0.04365075519046557,0.22848194373043085,0.008160069418943958
c0cc293f-af8f-d0d6-d86a-65f9e3ad1df1,"Damiani, Riley",F,37,145,-0.49178417377961525,0.7895766273389233,0.297792453559308,0.008048444690792108
eea2f5b1-7f49-aeed-2bad-ceff85f41700,"Dumont, Gabriel",C,30,98,-0.131381832207353,0.37247117251466944,0.24108934030731644,0.008036311343577214
facc5b54-f018-45c4-6044-abe2eba5d33a,"Ponomarev, Vasiliy",C,23,96,-0.039364552872643795,0.22319489094398243,0.18383033807133864,0.007992623394406028
d85ec4b9-edd3-0949-8aa2-d27637d19918,"Crookshank, Angus",LW,25,93,-0.14651564378855256,0.34287870095499784,0.19636305716644525,0.00785452228665781
e64fc75f-ab07-a14e-a0ae-46ea4a5afc54,"Duszak, Joseph",D,20,57,-0.02067532570431467,0.17677306144969948,0.15609773574538482,0.007804886787269242
3558373a-9473-802d-31f9-667a44e97b57,"Scanlin, Brandon",D,27,49,-0.23415599815198218,0.4441192610378789,0.2099632628858967,0.0077764171439221
38c336f8-97da-9f14-d503-e14a767e995e,"Forbort, Derek",D,3,9,3.116760094599157e-05,0.02312275842591589,0.023153926026861883,0.007717975342287294
3cfc8139-e81a-8949-e3fc-0a6728b63ab3,"Washkurak, Keean",LW,37,132,0.1238189931124225,0.160545347927795,0.28436434104021746,0.007685522730816688
9bfe9ddc-4b06-ca9d-ed9a-9fbda2f10d8b,"Kero, Tanner",C,33,148,-0.42200846420128074,0.6754031591188542,0.25339469491757344,0.007678627118714347
a3992b3e-5431-d578-46ae-c846ac78852b,"Hamblin, James",C,4,11,0.0023220734457936485,0.028326923459280805,0.030648996905074454,0.0076622492262686135
de965666-84cc-36f5-8129-ad04ec59d185,"Heineman, Emil",LW,26,90,-0.036858074278006824,0.23557660993989157,0.19871853566188477,0.007643020602380183
54c92034-9ece-4a76-ae9d-be434c2eef82,"Hain, Gavin",C,27,119,-0.2133911646847082,0.4159994739441712,0.202608309259463,0.0075040114540541845
6c78afc0-6490-5b83-db5f-7f87839dc862,"Hoelscher, Mitchell",C,8,35,-0.00609915513668966,0.06555219893366873,0.05945304379697907,0.007431630474622384
af933b87-4f83-feaa-feff-6f90363db186,"Sabourin, Scott",F,39,147,-0.19273775809479052,0.4821571392406149,0.2894193811458244,0.007421009772969856
9ef6d4ec-63a9-9da3-2580-cc0bfca09b47,"Malone, Brad",C,32,137,-0.14822663864397329,0.3856200446286404,0.23739340598466713,0.007418543937020848
7ff9ba0c-7a28-4512-c9e5-a10afc5bbd83,"Bellerive, Jordy",RW,33,118,-0.13625319207490066,0.3782776296411164,0.24202443756621572,0.007334073865642901
6082f959-421e-173b-b5e4-e1ffd5fc7d18,"Pelletier, Jakob",LW,14,64,-0.09611893309038351,0.1983266087628954,0.10220767567251189,0.007300548262322278
bc0c9735-bac9-f48e-c06b-01df0bfd052a,"Truchon-Viel, Jeffrey",LW,55,226,-0.22323070861817768,0.6150203994346205,0.39178969081644277,0.007123448923935323
98e46ae5-eff9-0b8e-979e-9310c0f4d553,"Jonsson-Fjallby, Axel",RW,20,80,-0.011401916686099866,0.15357845122040853,0.14217653453430865,0.007108826726715432
aac0832e-8972-5a3d-7f15-1ac5c9e80727,"Shaw, Logan",F,33,143,-0.09485818301459403,0.32517216841844115,0.23031398540384715,0.0069792116789044595
8287ec3b-6cc4-cfd8-ded5-d59e0b7b60de,"Pavlychev, Nikita",C,14,43,-0.006253556116462278,0.10291714783311463,0.09666359171665237,0.006904542265475169
4eecd58b-a888-e165-9a1a-0d284825ae25,"Kulich, Jiri",C,25,96,-0.030879318125062127,0.20195566735314052,0.17107634922807838,0.006843053969123135
4784e648-7a45-84cb-e5d5-3e5a6ba04f7c,"Aube-Kubel, Nicolas",RW,4,19,0.0056355337645072725,0.021716639650815824,0.027352173415323092,0.006838043353830773
5bb494aa-a79b-c741-618c-a11e145668e0,"Cecconi, Joseph",D,17,38,0.014998682781367734,0.1003715990241676,0.11537028180553535,0.006786487165031491
9365e946-bed1-6103-1e8a-2e9ba06d1dc2,"Winterton, Ryan",C,31,125,0.047826275222701047,0.1606473952338541,0.20847367045655515,0.006724957111501779
2b27457e-ba5c-020f-4ac8-e29e3726f8fb,"Lukosevicius, Jarid",RW,7,25,-0.09041547915931006,0.13688803719447606,0.04647255803516601,0.006638936862166573
d5313105-925e-e8bd-e752-74e47b2ca328,"Robertson, Matthew",D,20,37,-0.011886128661490148,0.13962187603352505,0.12773574737203489,0.006386787368601744
60a256f4-156e-1e04-ed00-29e7b5fc2243,"Bourque, Gabriel",LW,29,122,-0.24602173302351957,0.43022331314560475,0.18420158012208518,0.006351778624899489
8b43652c-1ab8-e931-e045-ca9cd839d10b,"McCormick, Max",F,28,122,0.009757051279120788,0.16775470756440847,0.17751175884352927,0.0063397056729831884
4772aa22-208f-44a0-8e47-0029da368b48,"Kasper, Marco",C,60,218,-0.12115565879771564,0.500264442247004,0.37910878344928833,0.006318479724154806
5d88c997-487b-2fcb-c49f-64757c86548e,"Dries, Sheldon",C,47,164,-0.3525082688982821,0.6394872502472977,0.28697898134901567,0.006105935773383312
8d839886-a557-ba77-cbae-bc2af117408e,"Teasdale, Joel",LW,35,126,-0.3496722633231002,0.5622712670070086,0.2125990036839084,0.006074257248111669
2d0eb54e-169a-5f00-7761-2ca898c78da7,"Filipe, Matt",LW,26,86,0.08530971887641954,0.07240201805318293,0.15771173692960247,0.006065836035753941
1e248371-8cd8-2ae1-7132-6212cfafbe89,"Holland, Peter",F,18,71,-0.016758082211708825,0.12582221104936026,0.10906412883765142,0.006059118268758412
0f6b8de7-1366-c197-e438-c2cb772c1f3e,"Johnstone, Marc",RW,21,80,-0.09650371183760173,0.22354341902562924,0.1270397071880275,0.0060495098660965484
969d3085-fa53-17ab-7c5f-74979791c28c,"Maltsev, Mikhail",F,20,86,-0.14420206978356873,0.2642683379299532,0.1200662681463845,0.006003313407319225
6c8d8731-c18f-5a5e-aa78-2fc912cba75e,"Kaiser, Wyatt",D,15,58,-0.008356562498101995,0.09839787699794873,0.09004131449984674,0.006002754299989783
5cfb433e-f489-5965-e0f1-6ccb5d7a2b2c,"Nikkanen, Henri",C,39,154,-0.13268829822932274,0.3629977132906538,0.230309415061331,0.0059053696169572055
1cdb2dba-e186-98bb-ac8c-e81b86f7628b,"Reinke, Mitch",D,5,16,0.0002331211578166403,0.02876535696449667,0.028998478122313306,0.005799695624462661
d1008d47-7d9a-b5ce-a5c4-11335e021805,"McKegg, Greg",F,34,118,-0.23424580273631362,0.42698569895609206,0.1927398962197784,0.005668820477052306
8a45aeeb-45e5-0a8f-5837-39bccade3f72,"Phillips, Isaak",D,17,59,-0.05139936319651497,0.1457552951502254,0.0943559319537104,0.005550348938453554
9daae941-4f95-c94c-baf7-a520ad42785f,"Iskhakov, Ruslan",F,37,125,-0.3504921840369207,0.5541819398898336,0.20368975585291282,0.005505128536565211
561c6f7f-ceeb-36da-d6e4-f2586e2e8316,"Ostapchuk, Zack",C,35,109,-0.27754553164943446,0.469624487888611,0.19207895623917653,0.005487970178262187
e88acb6b-d5da-6c45-42b6-b77998c3203f,"Rousek, Lukas",RW,22,93,0.008954776973769186,0.11069118236351846,0.11964595933728767,0.00543845269714944
e25ac5dd-5c9f-292e-3d0d-98f423829cce,"Anisimov, Artem",C,16,57,0.0005042934531957143,0.08516344239650152,0.08566773584969722,0.0053542334906060765
b90aa353-979c-854a-6f54-5a714d009b15,"Hall, Curtis",C,8,39,-0.0022865764611651684,0.044623594252070305,0.042337017790905145,0.005292127223863143
6619f4e6-237f-7851-e50f-2f41769d8604,"Belpedio, Louie",D,16,32,0.0485289281871701,0.036051957111313496,0.08458088529848358,0.005286305331155224
9b73814b-a50e-958a-a5e4-15cf0373d762,"Parssinen, Juuso",C,24,91,-0.054531904532018415,0.1797353205860441,0.12520341605402568,0.00521680900225107
8e72a880-86a7-efa3-ddfd-a1127df16d89,"Bowers, Shane",RW,24,88,-0.026442382242021268,0.15016034870723236,0.12371796646521109,0.005154915269383795
f7bf7586-8882-91c7-304d-4b970c52c9d5,"Larsson, Jacob",D,33,87,-0.007867566132063073,0.1773350630459832,0.16946749691392013,0.005135378694361216
a385df53-a241-ed83-c64f-34d4b4da77da,"Roy, Joshua",LW,11,37,-0.048609071964165196,0.10451903930201449,0.055909967337849295,0.005082724303440845
c7554bfa-9d55-0c17-9b33-0f223ea3f85a,"Currie, Josh",F,43,161,-0.14232868482642969,0.3591939615243664,0.2168652766979367,0.005043378527858993
6478e1ee-af93-5c31-b87a-97218a8236b2,"Wolff, Nick",D,12,29,-0.10267934681710357,0.162416320713722,0.059736973896618424,0.004978081158051535
30a82081-452f-1e14-177e-d25c40f895a3,"Beecher, John",C,8,37,0.13339410857006442,-0.09481880039366972,0.0385753081763947,0.0048219135220493375
c50ee147-78c1-e97c-f042-2810c51adffc,"Shaw, Mason",LW,7,20,-0.0004951576416715397,0.03404203852226449,0.03354688088059295,0.004792411554370421
cce167f2-c8fd-27c9-a350-0a4931c5b132,"Megna, Jayson",C,27,108,0.2191373416110764,-0.09044853983380634,0.12868880177727005,0.004766251917676668
eb83ef82-3ad4-8464-b716-671f53e373c8,"Newkirk, Reece",F,11,40,-0.25562438924989694,0.3053786050959089,0.04975421584601197,0.004523110531455634
5ce2531f-d048-1233-61ba-2fc6398d8ec3,"Sgarbossa, Michael",C,25,80,0.21835468615572606,-0.10812155796941074,0.11023312818631532,0.004409325127452613
a0c15a5d-c635-d29e-06a4-421921529350,"Dunne, Josh",C,11,37,0.07586812621198077,-0.028622783952268083,0.04724534225971269,0.004295031114519335
62d071bf-6133-a7ae-90ad-66b34dc7b39c,"Lundmark, Simon",D,33,80,-0.11233038937537003,0.245550613135064,0.13322022375969395,0.004036976477566483
68d2ade0-47ab-96bb-f22e-8f98b3aeb212,"Klimovich, Danila",RW,9,41,-0.02029996531409779,0.05592713073636939,0.035627165422271595,0.003958573935807955
963e7b7e-ada7-34b2-b447-eebe01c946c0,"Mitchell, Ian",D,17,35,-0.06075752506449134,0.12528026749711593,0.0645227424326246,0.0037954554372132115
356d4cb6-7726-b23f-7070-1e5eaf602524,"Saarela, Antti",LW,9,46,-0.0007189622070654878,0.03368747495772996,0.03296851275066447,0.0036631680834071636
fc27738e-0887-ed94-4db2-89b7229b368c,"Barron, Travis",LW,32,127,-0.3389871552252998,0.45524377332139554,0.11625661809609572,0.0036330193155029913
d1070fa3-193d-812d-061f-555825538779,"Poturalski, Andrew",F,33,149,-0.35522999004775785,0.47405312500040053,0.1188231349526427,0.003600701059170991
86d443fb-d036-6a5f-adfe-abd2286c4a74,"Blandisi, Joseph",F,53,230,-0.046708181418421195,0.2367634374237662,0.19005525600534504,0.0035859482265159443
b1d28ddf-4bc2-2b56-a1c2-123e233a2f2f,"Loewen, Jermaine",LW,5,26,-0.019027268586069113,0.0368383384260997,0.017811069840030586,0.003562213968006117
967d9997-756d-44cc-889a-8c024fc10a3c,"Robins, Tristen",F,23,92,0.025145511123810138,0.05134657426950929,0.07649208539331942,0.003325742843187801
6c770e87-d5d7-763f-0cca-765dbe76e8ef,"Brodzinski, Jonny",C,9,35,0.0634614695854907,-0.03392769673164887,0.029533772853841837,0.0032815303170935376
ac8def35-7690-efa6-0e76-cb51ada82cf5,"Koivula, Otto",C,23,82,-0.06535008340528066,0.1400662919072952,0.07471620850201453,0.0032485308044354145
2622a685-e219-c5e7-e7f1-d413e86d75cc,"Pitlick, Rem",LW,22,118,0.014581323694937962,0.05505856511783498,0.06963988881277296,0.00316544949148968
5c7cca9d-bfc2-3931-363d-daaebc4da409,"Willman, Maxwell",LW,29,112,-0.09401377530912214,0.18440573634066704,0.0903919610315449,0.003116964173501548
728870e3-f628-bce2-5544-711d35c037ca,"Gagner, Sam",RW,13,43,-0.006432789506879999,0.04472856837568045,0.038295778868800444,0.0029458291437538804
ea7c79f4-a992-0dfc-7f0c-913a5c701c2f,"Korczak, Kaedan",D,7,15,-0.04255533411269425,0.06267939045701497,0.02012405634432071,0.0028748651920458153
42e3b869-a651-df12-3291-53f0f3320501,"Gettinger, Timothy",LW,42,145,-0.654935276135393,0.7669591462111537,0.11202387007576071,0.0026672350018038266
f2e05df5-d44c-ae54-40b6-64ec7d896201,"Haman Aktell, Hardy",D,20,48,-0.07032260978323848,0.1233532055538626,0.05303059577062412,0.002651529788531206
0e547df4-db0d-2b34-7e18-2ad196cc9192,"Brown, Patrick",C,14,54,0.1171903678269473,-0.08061778511819867,0.036572582708748635,0.002612327336339188
f6797690-ed0a-2b75-0a01-496610012676,"Mutter, Navrin",LW,6,32,-0.008366930043189313,0.022688878498788256,0.014321948455598942,0.0023869914092664903
f9495ec1-9ceb-683b-3649-a79f99f3622d,"Perlini, Brendan",RW,18,72,-0.06685189998840997,0.10979757821058424,0.04294567822217429,0.002385871012343016
f2bc8771-8044-2f22-b289-2e910a46dfce,"Heatherington, Dillon",D,20,45,-0.09389808926780462,0.1410527040966711,0.0471546148288665,0.002357730741443325
a5d99bd5-04ad-cc18-c4b4-2e2ac07cd3e5,"Chinakhov, Yegor",RW,5,19,0.0031891220086890824,0.008508875244199318,0.011697997252888401,0.00233959945057768
01956662-5748-f2aa-a4b7-3501fc7c09f8,"Kovalenko, Nikolai",F,3,16,6.466700592682173e-05,0.006773268734643047,0.006837935740569867,0.002279311913523289
ab2f8c0e-cfd3-c0ac-74f5-8164c48764b2,"Hodgson, Hayden",RW,22,85,-0.005241504236664696,0.054531907864555716,0.04929040362789103,0.002240472892176865
55083278-5797-8647-ed4f-5deab1f4fb43,"Barron, Justin",D,13,22,0.0048709954331116025,0.022811339752615824,0.027682335185727425,0.0021294103989021097
cb92f717-6ee3-40c7-6ac2-daeb4eb54954,"Bains, Arshdeep",LW,38,174,-0.12074579740888111,0.2016320292602253,0.08088623185134416,0.002128585048719583
1ab2133d-766e-f84d-6493-58a2f096104c,"Fizer, Tarun",RW,14,60,0.024994072035678983,0.004606445118366491,0.029600517154045474,0.002114322653860391
ee172400-aed4-5013-4ad3-4a4798d72b3e,"Tynan, TJ",F,46,189,-0.29382227066978434,0.39028871123589715,0.09646644056611284,0.0020970965340459313
bfcaa06a-42fc-68bf-aeb2-f26f3d6c02f7,"Ibragimov, Timur",LW,21,93,-0.019148491300313708,0.059031544636548985,0.03988305333623529,0.0018991930160112043
e3640c9a-f167-a9fb-5b42-88d88654fe8a,"Lind, Kole",F,40,191,-0.19493443607351538,0.2689991881152828,0.07406475204176739,0.0018516188010441847
35a0035c-20e4-aa72-6d80-3910349c04b0,"Reichel, Lukas",LW,3,6,-0.04837711470900104,0.05377644956242875,0.005399334853427716,0.0017997782844759054
cbabf9a6-fbd2-f2f6-6f08-ba10e8ea843f,"Mermis, Dakota",D,8,24,-0.005205575841841892,0.018318936681303074,0.013113360839461163,0.0016391701049326454
e14d8b1e-280b-fcd3-8676-f0ec14a86d80,"Hirvonen, Roni",C,22,88,-0.5484178451363902,0.5838638312346371,0.035445986098246896,0.0016111811862839498
19c643ff-fb68-0999-d76d-840158053e4a,"Doty, Jacob",F,31,99,-0.3678966163178757,0.4153566707345494,0.047460054416673725,0.0015309694973120555
1e181fe0-11d2-8b93-dfcb-0b3b08076a1f,"Swoyer, Colin",D,1,1,-1.6095235514512753e-05,0.001500280692744127,0.0014841854572296143,0.0014841854572296143
f8f0ab6b-c477-8ca9-012b-e1ad59382d40,"Clang, Calle",G,1,2,-0.009229350253008306,0.010674551210831851,0.001445200957823545,0.001445200957823545
0a6974f6-2617-dcc6-487c-34d9d0d6e3a9,"Villalta, Matthew",G,2,3,-0.02997181332393666,0.032833319862402274,0.0028615065384656182,0.0014307532692328091
362b2b25-ce8a-9b00-6da7-0d1b8c2fe3d9,"Angello, Anthony",C,30,135,-0.11306589319930252,0.14108222938980083,0.028016336190498287,0.0009338778730166096
69aa4743-6d37-4847-9c9e-f55a0d888150,"Weatherby, Jasper",F,40,146,-0.12605586292551152,0.16138260656318076,0.03532674363766925,0.0008831685909417312
d1a331a3-4e1a-510a-2fe8-8f36981fd3f4,"Turcotte, Alex",C,24,88,-0.0024858299383140547,0.021908150777899475,0.01942232083958544,0.00080926336831606
938c52ed-067f-8299-e70a-998704932bfd,"Sanford, Zach",LW,16,55,0.04930491949735369,-0.037860008623462525,0.011444910873891167,0.0007153069296181979
87926b9c-8a1b-522a-bbb9-6f749edb9ddc,"Zherenko, Vadim",G,1,1,-2.080328008560173e-05,0.0006711674406233214,0.0006503641605377197,0.0006503641605377197
cf47f181-03bc-cec7-23d8-23f407701653,"Weissbach, Linus",LW,27,109,-0.08566194144980271,0.10209647306219853,0.016434531612395813,0.0006086863560146598
cfb46079-cb96-b7c5-442e-26ea0e34e136,"Robertson, Nick",LW,2,5,-0.0005788625509012491,0.0016227405758399982,0.0010438780249387492,0.0005219390124693746
0db6b956-4b7f-d666-f861-49683999fe78,"Guy, Brayden",F,1,1,0.0004374026284494903,-2.1827872842550277e-12,0.00043740262626670303,0.00043740262626670303
3e10ec46-6aa6-2444-d4b2-c9c1fde3004e,"Hayes, Avery",RW,16,65,-0.05072203633750405,0.05661184466204324,0.005889808324539179,0.0003681130202836987
647565e5-1012-bd7f-f56f-3fc756a2ad52,"Millman, Mason",D,6,12,-0.00035361266334348333,0.0023770722461741957,0.0020234595828307125,0.00033724326380511874
ee5122aa-cce5-d4fe-9403-b87023179682,"Pivonka, Jacob",F,2,10,-7.09860317329003e-05,0.0006654479464082718,0.0005944619146753716,0.0002972309573376858
f01abcfa-44e5-5d4c-df7c-876f3b8011d1,"Bordeleau, Thomas",F,20,66,-0.20587633268751232,0.21179798930009533,0.005921656612583019,0.00029608283062915094
8127c1a5-26ad-e502-64ef-c7ff9b63667f,"Foote, Cal",D,13,27,-0.00205188984268716,0.005588307178282371,0.0035364173355952114,0.00027203210273809317
8200c442-154b-1e44-603c-432165892a57,"Shore, Devin",F,5,27,-0.00017279835801673472,0.0011609179766662692,0.0009881196186495344,0.00019762392372990687
b4a5f3d7-6dcc-ddb1-2e99-6d4e41755f66,"Colangelo, Sam",RW,1,4,-5.155618964636233e-05,0.00022803395909249956,0.00017647776944613723,0.00017647776944613723
8daf4deb-9b23-846c-ca70-4b49f9ad7658,"Stauber, Jaxson",G,1,5,-5.2038821013411504e-05,0.00017987910483498125,0.00012784028382156976,0.00012784028382156976
0ca4f9ef-7e7a-d691-6e1c-16d394e84bfe,"Baddock, Brandon",LW,37,179,-0.2557277224906329,0.2602453481037765,0.004517625613143556,0.00012209798954442044
ef9fd39c-8b23-a1e2-d9a6-7170cea4e781,"Murray, Matthew",G,1,1,-0.0002099281940900255,0.00023582641224493273,2.5898218154907227e-05,2.5898218154907227e-05
393edf9b-c8b4-b93c-4a23-c0b2ed585c9d,"Thompson, Keaton",D,8,22,-0.005359535385332493,0.005523481371323041,0.00016394598599054873,2.049324824881859e-05
ce8efa65-92ac-016a-bc78-8cb03af0c2f4,"Struble, Jayden",D,2,7,-0.00027242772293902814,0.00031162678730349097,3.919906436446272e-05,1.959953218223136e-05
0b85f915-4c74-a01b-ed14-6943a16bae21,"Romano, Anthony",F,3,10,-3.281139506725595e-05,6.675893777355668e-05,3.394754270630072e-05,1.1315847568766908e-05
0df6649a-904e-408a-b17c-e5f7720061ef,"Askarov, Yaroslav",G,1,1,-0.0006763291545212269,0.000684357900172472,8.028745651245052e-06,8.028745651245052e-06
75af17b8-2f42-25a1-947f-299ac164603e,"Hillis, Cam",RW,1,2,-5.549369234358892e-06,1.0140607628272846e-05,4.5912383939139545e-06,4.5912383939139545e-06
9529adbf-24fa-a62b-bfdc-a3f80f06ab78,"Wallstedt, Jesper",G,1,1,0.013056048419093714,-0.0130585994978901,-2.551078796386025e-06,-2.551078796386025e-06
dab54890-f20a-0b2f-181d-e88083848dd4,"Malone, Jack",F,2,4,0.00024038456176640464,-0.00030783142574364325,-6.744686397723858e-05,-3.372343198861929e-05
acfdf636-4d25-0dad-fe9f-a31513941939,"Becker, Jack",F,15,70,-0.08428593305147843,0.08377965404692032,-0.0005062790045580949,-3.3751933637206327e-05
d11d3df7-7ef8-fb46-8220-3f5604bec3b8,"Robinson, Eric",LW,6,28,-0.0024794050776108635,0.0020751416880678635,-0.0004042633895430004,-6.737723159050008e-05
f6ab9da2-4084-7236-c988-3ab4e0f7db49,"Johnson, Kent",C,2,5,0.0004072691175679211,-0.0005672573319012978,-0.00015998821433337674,-7.999410716668837e-05
7e62a48c-1ade-1ad5-7da1-73f6551e4516,"Stevenson, Clay",G,2,2,0.24089749744589428,-0.2411189644640217,-0.00022146701812743584,-0.00011073350906371792
271dca69-2de8-b4ca-c6c3-75a8e51c2847,"Campbell, Jack",G,1,1,-0.0003305786565761082,0.0002133780435542576,-0.0001172006130218506,-0.0001172006130218506
f07cff63-8908-2719-267d-58273e85203a,"Spence, Jordan",D,2,2,-0.004370681631553453,0.00410782514809398,-0.0002628564834594729,-0.00013142824172973644
b4551979-e2e9-bc50-39f9-d5b69609f382,"Poirier, Remi",G,1,1,3.6915033069817584e-05,-0.00018910357257482247,-0.0001521885395050049,-0.0001521885395050049
31f60af0-5dc6-24bd-e941-fb3360698058,"Dansk, Oscar",G,1,1,-0.00015529990196228027,0.0,-0.00015529990196228027,-0.00015529990196228027
215a194a-b8e9-1d59-61df-608bca39f7fa,"Carroll, Noah",D,1,1,-2.0127925199631137e-05,-0.0001550918490465847,-0.00017521977424621584,-0.00017521977424621584
0f019453-f052-7bc8-02ed-1016fda53512,"Harpur, Ben",D,1,2,-3.008552266692277e-05,-0.00016073782257990387,-0.00019082334524682664,-0.00019082334524682664
8c0ebec8-d71e-d044-0d5d-0bbc79aa9155,"MacDonald, Jacob",D,1,1,4.255939129507169e-05,-0.00023376513127004728,-0.0001912057399749756,-0.0001912057399749756
3d5d0fd7-9f6f-134b-217b-a762b833d6ad,"Wesley, Josh",D,3,7,-0.006335216017578205,0.005446186195877089,-0.0008890298217011151,-0.0002963432739003717
6b0f2df7-0388-ee09-48c1-f95dbaef41b2,"Prapavessis, Michael",D,2,5,-0.0007604257790262636,5.292481246215174e-05,-0.000707500966564112,-0.000353750483282056
675635e1-14fe-6bdd-0302-1323e92737eb,"Guttman, Cole",C,18,63,-0.03975173628664379,0.032166233660253576,-0.007585502626390216,-0.0004214168125772342
db323125-e53d-b2b8-277f-f2c91384f549,"Bowlby, Henry",LW,2,8,-0.005612466379534453,0.00453419093163185,-0.001078275447902603,-0.0005391377239513015
48d0d556-7f19-8d92-f6ff-b83120c8c32b,"Hofer, Ryan",RW,27,115,-0.12702966778260819,0.10943839375229705,-0.017591274030311122,-0.0006515286677893008
1651abe9-2976-0545-0d54-345324506c9f,"Johnson, Ryan",D,12,21,-0.08145029218767376,0.07360945731488756,-0.007840834872786213,-0.0006534029060655177
61cf0567-90c5-3e07-99d9-8b08b22c623d,"Walford, Scott",D,2,5,0.00010500966764084296,-0.0014257483770961697,-0.0013207387094553266,-0.0006603693547276633
a6f50fe5-0f96-77e5-dbe3-3ce072fdee4d,"Bolduc, Samuel",D,1,2,-0.001247568050166592,0.0004598325118422508,-0.0007877355383243412,-0.0007877355383243412
fb7c222c-ebe7-4beb-3638-c0b60a15a0fd,"Chartier, Rourke",F,5,22,-0.0002586429937309731,-0.0043002284694066036,-0.004558871463137577,-0.0009117742926275154
0d3d8f91-b7fc-3d13-09dd-0e51c390ed6f,"Crotty, Cameron",D,24,72,-0.21946646193016478,0.1965696482466553,-0.022896813683509473,-0.0009540339034795614
d0b6a7c5-c21c-dbf4-60e0-23ea4b89c458,"Hutchinson, Michael",G,1,1,-1.1260165024395974e-05,-0.0010094812976831236,-0.0010207414627075196,-0.0010207414627075196
c2902aae-ee02-d58c-8569-fd701d9cd9de,"Bliss, Trenton",LW,2,3,-0.007479149185382994,0.0054324981669196856,-0.002046651018463308,-0.001023325509231654
a32b68b4-14dd-9705-fe8a-8ceca2df263c,"Armia, Joel",RW,1,2,8.652042961330154e-05,-0.001127463117154548,-0.0010409426875412464,-0.0010409426875412464
faf301b4-fa0d-303d-9cc5-6e5633143bc1,"Knazko, Samuel",D,19,68,-0.006278073237808712,-0.013953808887057459,-0.020231882124866173,-0.0010648359013087458
fb8b7824-cce7-967c-b477-848f6d0535cd,"Knight, Spencer",G,1,1,0.0007803394342772663,-0.0018683924223296343,-0.0010880529880523682,-0.0010880529880523682
e5ed606b-7c57-ce3e-d45b-80682aa56dbc,"Fitzgerald, Ryan",LW,2,12,0.00046294439271150624,-0.002791468936447927,-0.002328524543736421,-0.0011642622718682106
79b63b9f-49dc-162b-951e-053b32088ce5,"Smallman, Spencer",C,30,114,-0.24992668568088447,0.2147267657914233,-0.03519991988946118,-0.0011733306629820395
3f1cb8fd-1aa5-5b5c-a0f1-d8dbb7756d87,"Durandeau, Arnaud",LW,24,85,-0.1449312711252105,0.11672670035354575,-0.02820457077166478,-0.0011751904488193658
ceba5090-f6e0-e944-7ceb-e629c8348684,"McLain, Mitch",F,24,92,-0.22010844078029093,0.18609345927731516,-0.034014981502975786,-0.0014172908959573245
cfba3301-eead-3014-a5aa-d4daa9cf5d3b,"Cajkovic, Maxim",F,3,13,0.00019558814474294193,-0.004467111854501127,-0.0042715237097581855,-0.0014238412365860618
7336b864-27d6-7481-edab-db81bedbee4a,"Jardine, Sam",D,2,8,6.563600545632652e-05,-0.00449346155228947,-0.004427825546833144,-0.002213912773416572
1d2778e0-9709-3b32-491b-3b3f32c7bb09,"Gignac, Brandon",C,29,132,-0.2948179116414394,0.22434341448148282,-0.0704744971599566,-0.002430155074481262
11147770-b835-0375-d510-285823af4af9,"Beaucage, Alex",RW,26,121,-0.13511552907195892,0.06185090873511415,-0.07326462033684476,-0.0028178700129555677
ee6f66a2-297c-c175-476d-a4390ead7eb4,"Campbell, Alexander",LW,4,24,-0.0002881343875742459,-0.011965548751884074,-0.012253683139458318,-0.0030634207848645794
f689ab68-ff09-c472-b41e-9fe5260553a8,"Imama, Bokondji",LW,27,94,-0.002833986760924741,-0.08125654497661647,-0.08409053173754122,-0.0031144641384274526
78821ac8-2fb6-cafd-71d8-bf5d718e6703,"Matteau, Stefan",LW,7,24,0.020657206169062192,-0.05179914969503292,-0.031141943525970738,-0.004448849075138677
7ded16cf-d2c8-7e4b-a0b6-edfdcf61afd0,"Friedman, Mark",D,7,13,-0.00937293354963913,-0.023686454123853767,-0.033059387673492896,-0.004722769667641842
8f7dc0f4-ca8a-10e4-040e-574cba9e71b1,"Drew, Hunter",RW,15,64,0.04443516996634571,-0.11644460914636728,-0.07200943918002158,-0.004800629278668105
c189c220-2085-6731-4cab-1c94102e687e,"Aman, Nils",C,6,28,-0.09480366039642832,0.06406674438500583,-0.030736916011422484,-0.005122819335237081
9698f020-7131-d04b-2552-c55a16afa91f,"Hodgson, Cody",C,12,47,-0.19459743176327038,0.13040769518170212,-0.06418973658156828,-0.00534914471513069
a23408ce-f1c0-03b6-d7ef-60da484f7212,"Nylander, Alexander",RW,26,89,0.06943776177827204,-0.22194805950251578,-0.15251029772424374,-0.005865780681701682
805e3414-06c4-31b9-75fc-b1ca4a97ae2c,"Peters, Alexander",D,15,30,-0.06068766837606745,-0.028644661281452433,-0.08933232965751989,-0.005955488643834659
be354b10-f08f-a5cc-f750-17e7354be6d4,"Pitlick, Tyler",F,7,20,-0.1585134747822849,0.11508318239010197,-0.043430292392182906,-0.006204327484597558
d2958a70-f21e-b550-6791-91289dab5521,"Kupari, Rasmus",C,1,7,-0.020838594069937245,0.014538485161028802,-0.006300108908908444,-0.006300108908908444
47e6d280-b60f-6e84-96d8-a374b5a662a6,"Norlinder, Mattias",D,21,55,0.1292996444588425,-0.2681927070297388,-0.1388930625708963,-0.006613955360518871
18661cc1-b9d0-2e30-154e-9ae1b75e54e8,"Healey, Josh",D,11,27,-0.08913984205155429,0.013825082889479742,-0.07531475916207456,-0.0068467962874613235
ae1aa801-5655-af70-d031-019a9c091f86,"Puljujarvi, Jesse",RW,12,39,-0.00015168793827342598,-0.09529783746489556,-0.09544952540316899,-0.00795412711693075
cf9158fc-30e9-680c-b9e5-b65717e1e000,"Czarnik, Austin",C,21,84,-0.12888936494739484,-0.049897864541502274,-0.1787872294888971,-0.008513677594709387
8eeee104-b93e-904a-fca1-953e9b5ecef8,"Krygier, Cole",D,22,48,-0.16108161646641295,-0.03468614565503532,-0.19576776212144825,-0.00889853464188401
fe50cf98-a6c5-0980-85f5-fe90182dd9b9,"Hamaliuk, Dillon",LW,1,4,-0.0006084905638999771,-0.008397548852087766,-0.009006039415987743,-0.009006039415987743
db07a598-848d-2552-6cca-9e1ecaa9fd45,"Kent Elson, Turner",F,23,93,-0.24165661310257747,0.034390194484767,-0.20726641861781045,-0.009011583418165672
5d869c26-9a71-e900-832f-2f3b45e7471c,"Lohrei, Mason",D,5,12,0.03016784383007689,-0.07957245418456903,-0.04940461035449213,-0.009880922070898426
be8e81a6-ec2f-39eb-ef48-6264cf6f5d01,"Harkins, Jansen",C,6,28,-0.00013296776601237062,-0.061394717329404616,-0.06152768509541699,-0.010254614182569498
f4273f89-7803-88f9-bdc0-01625b90fc63,"Holmberg, Pontus",RW,5,17,-0.013015469720085092,-0.042403760386823704,-0.05541923010690881,-0.011083846021381762
c2820307-4226-fef5-3594-74ac709a6b6c,"Tomasino, Philip",RW,10,44,-0.24388518856530936,0.13085588684346097,-0.11302930172184841,-0.011302930172184842
42be5bc9-7952-affb-ce16-442e16f141e2,"Keeper, Brady",D,4,6,-0.000544170350258355,-0.044823251536521024,-0.04536742188677938,-0.011341855471694844
2766277d-aa8c-2da8-d328-62f1cbf03279,"Duehr, Walker",RW,2,7,-0.0005564000210142694,-0.02692593254512758,-0.02748233256614185,-0.013741166283070925
0f1cb51b-ffed-b0a3-4bb4-5521cdddbf60,"Xhekaj, Arber",D,8,17,0.37155089622137893,-0.48968919241451647,-0.11813829619313757,-0.014767287024142196
d7e15544-a382-b7ae-d2ed-7fcff5f65212,"Digiacinto, Cristiano",F,3,14,-0.12307355889342944,0.07631884138148962,-0.046754717511939825,-0.015584905837313276
05b95071-fc69-bd44-2833-e883e840dcf9,"Fasching, Hudson",RW,3,5,-0.00032376737067352224,-0.049632846010217696,-0.04995661338089121,-0.01665220446029707
c41b546c-c200-fe0d-b46c-fe319e2e42e6,"Rooney, Kevin",C,2,11,-0.044065424302243625,0.008406503885732188,-0.03565892041651144,-0.01782946020825572
aed2833c-1982-2c81-12d6-ce42690c132f,"Anderson-Dolan, Jaret",C,3,16,-0.22543336600610928,0.16945939604984234,-0.05597396995626697,-0.018657989985422323
4a3350c4-97e1-9963-9715-c358507e8b95,"White, Colin",C,6,32,0.07029245667854411,-0.24906654823839036,-0.17877409155984625,-0.029795681926641043
a2f8a1c4-75eb-63d8-4e1d-dbb361fdaeb0,"Foudy, Jean-Luc",RW,13,58,-0.002294680524391879,-0.40150110423049656,-0.4037957847548885,-0.031061214211914497
5833dbf2-d4d6-e001-2cd5-74d2a3bac7c2,"Boucher, Matthew",LW,6,14,-0.19894416070201262,-0.0031623530641809285,-0.20210651376619354,-0.033684418961032254
2d245fb8-c111-e6a6-8260-585cd803ac26,"Howarth, Kale",LW,6,27,-0.2001813510309148,-0.003980569320327568,-0.20416192035124237,-0.03402698672520706
647a31e3-83fc-035d-c92c-bedd256d0c59,"Brisebois, Guillaume",D,3,8,-2.652550070934012e-05,-0.11792484878193364,-0.11795137428264298,-0.03931712476088099
e5676b25-a8f8-2cb6-6c4b-c0a127f7d5a6,"Niemelainen, Markus",D,6,23,-0.10458020631294856,-0.1791765195726182,-0.2837567258855668,-0.04729278764759446
25e6444a-1fbe-66b1-5e10-17b5f0f84f9e,"Brown, Christopher",RW,2,11,-0.001574638428724029,-0.14341992305556536,-0.1449945614842894,-0.0724972807421447
acf8c23c-8473-312b-f8e1-790b7f209c6b,"Stalock, Alex",G,1,2,-0.1790428102016449,0.09253478646278382,-0.08650802373886107,-0.08650802373886107
6b122583-dd65-ac45-1516-8d861b35db24,"Bjornfot, Tobias",D,1,2,-0.2537340816110373,0.11132640577852726,-0.14240767583251002,-0.14240767583251002
